;;;;;;;;;;;;;;;;;;;;;
POS;NOME;POS;GP;MIN;PTS;FGM;FGA;FG%;3PM;3PA;3P%;FTM;FTA;FT%;REB;AST;STL;BLK;TO;DD2;TD3
-;Anthony DavisLAL;PF;56;34.0;25.9;9.7;17.2;56.3;0.3;1.3;25.7;6.2;7.9;78.4;12.5;2.6;1.1;2.0;2.2;40;0
1;Domantas SabonisSAC;PF;79;34.6;19.1;7.3;11.9;61.5;0.4;1.1;37.3;4.1;5.5;74.2;12.3;7.3;0.8;0.5;2.9;65;14
3;Nikola JokicDEN;C;69;33.7;24.5;9.4;14.8;63.2;0.8;2.2;38.3;4.9;6.0;82.2;11.8;9.8;1.3;0.7;3.6;58;29
4;Giannis AntetokounmpoMIL;PF;63;32.1;31.1;11.2;20.3;55.3;0.7;2.7;27.5;7.9;12.3;64.5;11.8;5.7;0.8;0.8;3.9;46;6
5;Rudy GobertMIN;C;70;30.7;13.4;5.1;7.8;65.9;0.0;0.0;0.0;3.1;4.9;64.4;11.6;1.2;0.8;1.4;1.7;35;0
-;Steven AdamsMEM;C;42;27.0;8.6;3.7;6.3;59.7;0.0;0.0;0.0;1.1;3.1;36.4;11.5;2.3;0.9;1.1;1.9;15;0
7;Clint CapelaATL;C;65;26.6;12.0;5.4;8.2;65.3;0.0;0.0;0.0;1.2;2.0;60.3;11.0;0.9;0.7;1.2;0.8;35;0
8;Nikola VucevicCHI;C;82;33.5;17.6;7.3;14.0;52.0;1.5;4.2;34.9;1.6;1.9;83.5;11.0;3.2;0.7;0.7;1.7;51;1
9;Jonas ValanciunasNO;C;79;24.9;14.1;5.6;10.3;54.7;0.5;1.4;34.9;2.3;2.8;82.6;10.2;1.8;0.3;0.7;2.0;43;0
10;Joel EmbiidPHI;C;66;34.6;33.1;11.0;20.1;54.8;1.0;3.0;33.0;10.0;11.7;85.7;10.2;4.2;1.0;1.7;3.4;39;1
11;Julius RandleNY;PF;77;35.5;25.1;8.5;18.6;46.0;2.8;8.3;34.3;5.2;6.9;75.7;10.0;4.1;0.6;0.3;2.8;40;0
12;Deandre AytonPHX;C;67;30.4;18.0;7.8;13.2;58.8;0.1;0.4;29.2;2.3;3.0;76.0;10.0;1.7;0.6;0.8;1.8;36;0
13;Ivica ZubacLAC;C;76;28.5;10.8;4.3;6.8;63.4;0.0;0.0;0.0;2.2;3.1;69.7;9.9;1.0;0.4;1.3;1.5;27;0
14;Jarrett AllenCLE;C;68;32.6;14.3;5.9;9.2;64.4;0.0;0.1;10.0;2.4;3.3;73.3;9.8;1.7;0.8;1.2;1.4;32;0
15;Bobby PortisMIL;A;70;26.0;14.1;5.7;11.5;49.6;1.4;3.7;37.0;1.4;1.8;76.8;9.6;1.5;0.4;0.2;1.2;38;0
16;Mitchell RobinsonNY;C;59;26.9;7.4;3.2;4.7;67.1;0.0;0.0;0.0;1.0;2.1;48.4;9.4;0.9;0.9;1.8;0.7;13;0
17;Kevon LooneyGS;A;82;23.9;7.0;3.0;4.7;63.0;0.0;0.0;0.0;1.1;1.9;60.6;9.3;2.5;0.6;0.6;0.5;14;0
18;Nic ClaxtonBKN;C;76;29.9;12.6;5.4;7.7;70.5;0.0;0.0;0.0;1.8;3.2;54.1;9.2;1.9;0.9;2.5;1.3;28;0
19;Bam AdebayoMIA;C;75;34.6;20.4;8.0;14.9;54.0;0.0;0.2;8.3;4.3;5.4;80.6;9.2;3.2;1.2;0.8;2.5;31;0
20;Jakob PoeltlSA/TOR;C;72;26.5;12.5;5.4;8.6;62.9;0.0;0.0;0.0;1.7;2.8;59.2;9.1;2.7;0.9;1.2;1.7;19;0
-;Jusuf NurkicPOR;C;52;26.8;13.3;5.0;9.7;51.9;0.8;2.3;36.1;2.4;3.7;66.1;9.1;2.9;0.8;0.8;2.3;18;0
22;Alperen SengunHOU;C;75;28.9;14.8;5.9;10.7;55.3;0.3;0.8;33.3;2.7;3.8;71.5;9.0;3.9;0.9;0.9;2.6;29;2
-;RaiQuan GrayBKN;A;1;35.0;16.0;6.0;12.0;50.0;2.0;5.0;40.0;2.0;2.0;100.0;9.0;7.0;0.0;1.0;4.0;0;0
23;Evan MobleyCLE;PF;79;34.4;16.2;6.6;12.0;55.4;0.3;1.3;21.6;2.6;3.8;67.4;9.0;2.8;0.8;1.5;1.8;24;0
25;Jalen DurenDET;C;67;24.9;9.1;3.9;5.9;64.8;0.0;0.0;0.0;1.4;2.3;61.1;8.9;1.1;0.7;0.9;1.4;19;0
26;Mason PlumleeLAC/CHA;C;79;26.0;10.8;4.2;6.1;68.0;0.0;0.0;0.0;2.5;4.0;63.6;8.9;3.1;0.6;0.6;1.5;23;0
27;Jayson TatumBOS;SF;74;36.9;30.1;9.8;21.1;46.6;3.2;9.3;35.0;7.2;8.4;85.4;8.8;4.6;1.1;0.7;2.9;31;1
-;Wendell Carter Jr.ORL;C;57;29.6;15.2;5.6;10.8;52.5;1.4;3.9;35.6;2.5;3.4;73.8;8.7;2.3;0.5;0.6;1.9;21;0
29;Lauri MarkkanenUTAH;PF;66;34.4;25.6;8.7;17.3;49.9;3.0;7.7;39.2;5.3;6.0;87.5;8.6;1.9;0.6;0.6;1.9;28;0
30;Luka DoncicDAL;PG;66;36.2;32.4;10.9;22.0;49.6;2.8;8.2;34.2;7.8;10.5;74.2;8.6;8.0;1.4;0.5;3.6;36;10
31;Kristaps PorzingisWSH;C;65;32.6;23.2;7.8;15.7;49.8;2.1;5.5;38.5;5.4;6.4;85.1;8.4;2.7;0.9;1.5;2.1;20;0
32;Walker KesslerUTAH;C;74;23.0;9.2;4.0;5.6;72.0;0.0;0.0;33.3;1.1;2.1;51.6;8.4;0.9;0.4;2.3;0.8;20;0
-;Robert Williams IIIBOS;C;35;23.5;8.0;3.6;4.9;74.7;0.0;0.0;0.0;0.7;1.2;61.0;8.3;1.4;0.6;1.4;1.0;6;0
-;LeBron JamesLAL;SF;55;35.5;28.9;11.1;22.2;50.0;2.2;6.9;32.1;4.6;5.9;76.8;8.3;6.8;0.9;0.6;3.2;18;2
-;Karl-Anthony TownsMIN;C;29;33.0;20.8;7.3;14.8;49.5;2.1;5.7;36.6;4.1;4.7;87.4;8.1;4.8;0.7;0.6;3.0;9;0
-;Isaiah StewartDET;C;50;28.3;11.3;3.9;8.8;44.2;1.3;4.1;32.7;2.2;3.0;73.8;8.1;1.4;0.4;0.7;1.4;13;0
37;Josh GiddeyOKC;SG;76;31.1;16.6;7.1;14.7;48.2;1.0;3.1;32.5;1.4;1.9;73.1;7.9;6.2;0.8;0.4;2.8;28;4
38;Pascal SiakamTOR;PF;71;37.4;24.2;8.9;18.5;48.0;1.3;4.0;32.4;5.2;6.7;77.4;7.8;5.8;0.9;0.5;2.4;24;2
39;Josh HartPOR/NY;SG;76;32.3;9.8;3.6;6.8;52.9;0.8;2.2;37.2;1.7;2.3;75.0;7.8;3.8;1.2;0.3;1.5;10;0
40;Myles TurnerIND;C;62;29.4;18.0;6.5;11.8;54.8;1.5;4.0;37.3;3.5;4.5;78.3;7.5;1.4;0.6;2.3;1.7;18;0
41;Jarred VanderbiltLAL/UTAH;PF;78;24.1;7.9;3.2;5.8;54.8;0.4;1.2;32.2;1.2;1.8;69.1;7.5;2.4;1.1;0.3;1.2;10;0
42;Christian WoodDAL;A;67;25.9;16.6;5.9;11.5;51.5;1.6;4.2;37.6;3.2;4.2;77.2;7.3;1.8;0.4;1.1;1.8;12;0
43;Kyle KuzmaWSH;SF;64;35.0;21.2;8.0;17.8;44.8;2.5;7.5;33.3;2.7;3.7;73.0;7.2;3.7;0.6;0.5;3.0;14;1
44;Jabari Smith Jr.HOU;PF;79;31.0;12.8;4.6;11.3;40.8;1.5;4.9;30.7;2.1;2.6;78.6;7.2;1.3;0.5;0.9;1.3;16;0
45;Onyeka OkongwuATL;PF;80;23.1;9.9;4.0;6.2;63.8;0.1;0.2;30.8;1.9;2.5;78.1;7.2;1.0;0.7;1.3;1.0;12;0
46;Draymond GreenGS;PF;73;31.5;8.5;3.4;6.5;52.7;0.5;1.8;30.5;1.1;1.5;71.3;7.2;6.8;1.0;0.8;2.8;11;0
-;Mark WilliamsCHA;C;43;19.3;9.0;3.7;5.8;63.7;0.0;0.0;0.0;1.6;2.3;69.1;7.1;0.4;0.7;1.0;0.9;11;0
-;Zion WilliamsonNO;PF;29;33.0;26.0;9.8;16.2;60.8;0.2;0.7;36.8;6.1;8.6;71.4;7.0;4.6;1.1;0.6;3.4;5;0
49;Paolo BancheroORL;PF;72;33.8;20.0;6.7;15.6;42.7;1.2;4.0;29.8;5.5;7.4;73.8;6.9;3.7;0.8;0.5;2.8;14;0
50;Jaylen BrownBOS;SG;67;35.9;26.6;10.1;20.6;49.1;2.4;7.3;33.5;3.9;5.1;76.5;6.9;3.5;1.1;0.4;2.9;13;0
51;Jaren Jackson Jr.MEM;PF;63;28.4;18.6;6.6;13.0;50.6;1.6;4.5;35.5;3.8;4.9;78.8;6.8;1.0;1.0;3.0;1.7;7;0
52;Brook LopezMIL;C;78;30.4;15.9;6.1;11.5;53.1;1.7;4.7;37.4;1.9;2.4;78.4;6.7;1.3;0.5;2.5;1.4;11;0
-;Kevin DurantBKN/PHX;PF;47;35.6;29.1;10.3;18.3;56.0;2.0;4.9;40.4;6.5;7.1;91.9;6.7;5.0;0.7;1.4;3.3;5;1
54;Scottie BarnesTOR;SF;77;34.8;15.3;6.0;13.2;45.6;0.8;2.9;28.1;2.5;3.2;77.2;6.6;4.8;1.1;0.8;2.0;15;1
55;Andre DrummondCHI;C;67;12.7;6.0;2.5;4.1;60.6;0.0;0.0;0.0;1.0;1.9;53.6;6.6;0.5;0.7;0.4;1.1;8;0
56;Aaron GordonDEN;PF;68;30.2;16.3;6.3;11.2;56.4;0.9;2.5;34.7;2.8;4.6;60.8;6.6;3.0;0.8;0.8;1.4;11;0
57;Isaiah HartensteinNY;C;82;19.9;5.0;2.1;4.0;53.5;0.1;0.5;21.6;0.6;0.9;67.6;6.5;1.2;0.6;0.8;0.8;2;0
58;John CollinsATL;PF;71;30.0;13.1;5.1;10.0;50.8;1.0;3.4;29.2;2.0;2.5;80.3;6.5;1.2;0.6;1.0;1.1;11;0
-;Kawhi LeonardLAC;SF;52;33.6;23.8;8.6;16.8;51.2;2.0;4.8;41.6;4.7;5.4;87.1;6.5;3.9;1.4;0.5;1.7;4;0
60;Kevin LoveMIA/CLE;PF;62;20.0;8.2;2.7;6.8;38.9;1.6;4.8;33.4;1.3;1.5;87.9;6.4;1.9;0.3;0.2;1.1;6;0
-;LaMelo BallCHA;PG;36;35.2;23.3;8.2;20.0;41.1;4.0;10.6;37.6;2.8;3.4;84.3;6.4;8.4;1.3;0.3;3.6;17;3
62;Deni AvdijaWSH;SF;76;26.6;9.2;3.3;7.6;43.7;0.9;3.1;29.7;1.6;2.2;73.9;6.4;2.8;0.9;0.4;1.6;11;0
-;Marvin Bagley IIIDET;PF;42;23.6;12.0;4.8;9.1;52.9;0.5;1.6;28.8;1.9;2.6;75.0;6.4;0.9;0.5;0.7;1.1;8;0
64;Nick RichardsCHA;C;65;18.7;8.2;3.0;4.8;62.9;0.0;0.0;100.0;2.1;2.8;74.9;6.4;0.6;0.2;1.1;0.9;14;0
65;Zach CollinsSA;PF;63;22.9;11.6;4.5;8.7;51.8;0.9;2.3;37.4;1.7;2.3;76.1;6.4;2.9;0.6;0.8;2.0;9;0
-;Ben SimmonsBKN;PG;42;26.3;6.9;3.2;5.6;56.6;0.0;0.0;0.0;0.6;1.4;43.9;6.3;6.1;1.3;0.6;2.3;4;1
67;Al HorfordBOS;C;63;30.5;9.8;3.6;7.6;47.6;2.3;5.2;44.6;0.2;0.3;71.4;6.2;3.0;0.5;1.0;0.6;7;0
68;Kelly OlynykUTAH;PF;68;28.6;12.5;4.1;8.2;49.9;1.4;3.5;39.4;2.9;3.4;85.3;6.2;3.7;0.9;0.5;2.5;9;0
-;Cade CunninghamDET;PG;12;33.3;19.9;7.8;18.7;41.5;1.4;5.1;27.9;3.0;3.6;83.7;6.2;6.0;0.8;0.6;3.3;3;0
-;Paul GeorgeLAC;F;56;34.6;23.8;8.2;17.9;45.7;2.8;7.6;37.1;4.6;5.3;87.1;6.1;5.1;1.5;0.4;3.1;8;1
71;James HardenPHI;SG;58;36.8;21.0;6.4;14.5;44.1;2.8;7.2;38.5;5.4;6.2;86.7;6.1;10.7;1.2;0.5;3.4;36;5
-;Stephen CurryGS;PG;56;34.7;29.4;10.0;20.2;49.3;4.9;11.4;42.7;4.6;5.0;91.5;6.1;6.3;0.9;0.4;3.2;12;1
73;Tari EasonHOU;F;82;21.5;9.3;3.6;8.0;44.8;0.7;2.1;34.3;1.3;1.8;75.2;6.0;1.1;1.2;0.6;1.2;7;0
-;Precious AchiuwaTOR;PF;55;20.7;9.2;3.6;7.3;48.5;0.5;2.0;26.9;1.6;2.3;70.2;6.0;0.9;0.6;0.5;1.1;10;0
-;James WisemanDET/GS;C;45;19.3;10.0;4.2;7.5;55.8;0.1;0.4;20.0;1.5;2.2;70.1;5.9;0.7;0.2;0.6;1.1;8;0
76;Jimmy ButlerMIA;SF;64;33.4;22.9;7.5;13.9;53.9;0.6;1.6;35.0;7.4;8.7;85.0;5.9;5.3;1.8;0.3;1.6;11;0
77;Ja MorantMEM;PG;61;31.9;26.2;9.3;19.9;46.6;1.5;4.9;30.7;6.1;8.1;74.8;5.9;8.1;1.1;0.3;3.4;20;7
78;Anthony EdwardsMIN;SG;79;36.0;24.6;8.9;19.5;45.9;2.7;7.3;36.9;4.0;5.3;75.6;5.8;4.4;1.6;0.7;3.3;9;0
79;Russell WestbrookLAC/LAL;PG;73;29.1;15.9;5.9;13.6;43.6;1.2;3.9;31.1;2.8;4.3;65.6;5.8;7.5;1.0;0.5;3.5;24;4
80;Jalen SmithIND;PF;68;18.8;9.4;3.6;7.5;47.6;0.8;2.8;28.3;1.5;2.0;75.9;5.8;1.0;0.3;0.9;1.1;7;0
81;Bol BolORL;C;70;21.5;9.1;3.7;6.8;54.6;0.4;1.6;26.5;1.2;1.5;75.9;5.8;1.0;0.4;1.2;1.6;6;0
82;Thomas BryantLAL/DEN;C;59;18.3;9.8;3.9;6.3;62.3;0.4;1.0;44.1;1.6;2.1;73.8;5.7;0.5;0.3;0.5;0.6;9;0
83;Tobias HarrisPHI;PF;74;32.9;14.7;5.7;11.4;50.1;1.7;4.4;38.9;1.5;1.7;87.6;5.7;2.5;0.9;0.5;1.2;7;0
84;Daniel GaffordWSH;C;78;20.6;9.0;3.7;5.1;73.2;0.0;0.0;0.0;1.6;2.4;67.9;5.6;1.1;0.4;1.3;1.1;10;0
85;Chris BoucherTOR;PF;76;20.0;9.4;3.4;7.0;49.3;0.8;2.5;32.8;1.7;2.2;76.2;5.5;0.4;0.6;0.8;0.5;9;0
-;Brandon ClarkeMEM;PF;56;19.5;10.0;4.1;6.2;65.6;0.0;0.1;16.7;1.8;2.5;71.9;5.5;1.3;0.6;0.7;1.0;6;0
-;Charles BasseySA;C;35;14.5;5.7;2.5;3.9;64.4;0.1;0.2;37.5;0.6;1.1;59.5;5.5;1.3;0.5;0.9;1.2;0;0
88;Kenyon Martin Jr.HOU;F;82;28.0;12.7;5.0;8.8;56.9;0.8;2.6;31.5;1.8;2.7;68.0;5.5;1.5;0.5;0.4;1.1;5;0
89;Michael Porter Jr.DEN;SF;62;29.0;17.4;6.4;13.2;48.7;3.0;7.3;41.4;1.5;1.9;80.0;5.5;1.0;0.6;0.5;1.1;3;0
-;Brandon IngramNO;SF;45;34.2;24.7;9.0;18.6;48.4;1.4;3.6;39.0;5.3;6.0;88.2;5.5;5.8;0.7;0.4;3.3;6;2
91;Larry Nance Jr.NO;PF;65;21.2;6.8;2.9;4.7;61.0;0.2;0.6;33.3;0.8;1.2;69.6;5.4;1.8;0.9;0.6;0.6;3;0
92;Torrey CraigPHX;SF;79;24.7;7.4;2.9;6.3;45.6;1.3;3.2;39.5;0.4;0.6;71.1;5.4;1.5;0.6;0.8;0.9;4;0
93;Tyler HerroMIA;PG;67;34.9;20.1;7.3;16.6;43.9;3.0;8.0;37.8;2.5;2.7;93.4;5.4;4.2;0.8;0.2;2.4;6;1
94;Drew EubanksPOR;PF;78;20.3;6.6;2.7;4.3;64.1;0.1;0.2;38.9;1.1;1.6;66.4;5.4;1.3;0.5;1.3;0.9;3;0
95;Kyle AndersonMIN;SF;69;28.4;9.4;3.7;7.2;50.9;0.6;1.5;41.0;1.4;2.0;73.5;5.3;4.9;1.1;0.9;1.5;10;3
96;Kevin Porter Jr.HOU;SG;59;34.3;19.2;6.6;15.0;44.2;2.4;6.5;36.6;3.5;4.5;78.4;5.3;5.7;1.4;0.3;3.2;9;1
-;Jeremy SochanSA;F;56;26.0;11.0;4.5;9.9;45.3;0.6;2.4;24.6;1.4;2.1;69.8;5.3;2.5;0.8;0.4;1.7;2;0
98;Dejounte MurrayATL;SG;74;36.4;20.5;8.3;17.8;46.4;1.8;5.2;34.4;2.1;2.6;83.2;5.3;6.1;1.5;0.3;2.2;8;1
-;Kelly Oubre Jr.CHA;SG;48;32.3;20.3;7.4;17.1;43.1;2.3;7.1;31.9;3.3;4.3;76.0;5.2;1.1;1.4;0.4;1.3;3;0
-;DeAndre JordanDEN;C;39;15.0;5.1;2.3;2.9;76.5;0.0;0.0;100.0;0.6;1.2;45.8;5.2;0.9;0.3;0.6;1.2;2;0
101;Jrue HolidayMIL;PG;67;32.6;19.3;7.3;15.3;47.9;2.4;6.1;38.4;2.3;2.6;85.9;5.1;7.4;1.2;0.4;2.9;16;0
102;Kyrie IrvingBKN/DAL;PG;60;37.4;27.1;9.9;20.1;49.4;3.1;8.3;37.9;4.1;4.6;90.5;5.1;5.5;1.1;0.8;2.1;5;0
103;Royce O'NealeBKN;PF;76;31.7;8.8;3.0;7.8;38.6;2.1;5.5;38.9;0.7;0.9;72.5;5.1;3.7;0.9;0.6;1.5;4;1
104;Keldon JohnsonSA;SF;63;32.7;22.0;8.0;17.7;45.2;2.1;6.5;32.9;3.9;5.2;74.9;5.0;2.9;0.7;0.2;2.1;5;0
105;RJ BarrettNY;SG;73;33.9;19.6;7.0;16.1;43.4;1.7;5.3;31.0;4.0;5.4;74.0;5.0;2.8;0.4;0.2;2.2;3;0
106;Xavier TillmanMEM;F;61;19.3;7.0;3.1;5.0;61.4;0.1;0.2;26.7;0.8;1.5;55.1;5.0;1.6;1.0;0.5;0.7;4;0
-;Andrew WigginsGS;SF;37;32.2;17.1;6.8;14.3;47.3;2.4;6.1;39.6;1.2;1.9;61.1;5.0;2.3;1.2;0.8;1.3;3;0
108;Desmond BaneMEM;SG;58;31.7;21.5;7.8;16.2;47.9;2.9;7.0;40.8;3.1;3.5;88.3;5.0;4.4;1.0;0.4;2.2;1;0
109;Buddy HieldIND;SG;80;31.0;16.8;5.9;13.0;45.8;3.6;8.5;42.5;1.3;1.6;82.2;5.0;2.8;1.2;0.3;1.7;3;0
-;Justise WinslowPOR;PF;29;26.8;6.8;2.8;6.8;40.9;0.5;1.6;31.1;0.7;1.0;71.4;5.0;3.4;1.0;0.4;1.5;1;0
-;Mac McClungPHI;SG;2;20.5;12.5;4.5;10.0;45.0;2.0;5.5;36.4;1.5;2.5;60.0;5.0;4.5;0.0;0.0;1.5;0;0
112;O.G. AnunobyTOR;SF;67;35.6;16.8;6.3;13.2;47.6;2.1;5.5;38.7;2.1;2.5;83.8;5.0;2.0;1.9;0.7;2.0;2;0
-;Jaylin WilliamsOKC;F;49;18.7;5.9;2.1;4.8;43.6;0.9;2.3;40.7;0.8;1.1;70.4;4.9;1.6;0.6;0.2;0.8;0;0
-;Kenrich WilliamsOKC;SF;53;22.8;8.0;3.4;6.5;51.7;0.9;2.5;37.3;0.3;0.7;43.6;4.9;2.0;0.8;0.3;0.6;1;0
115;P.J. WashingtonCHA;PF;73;32.6;15.7;5.9;13.4;44.4;2.0;5.9;34.8;1.7;2.4;73.0;4.9;2.4;0.9;1.1;1.5;3;0
116;Naz ReidMIN;C;68;18.4;11.5;4.6;8.5;53.7;1.1;3.2;34.6;1.3;1.9;67.7;4.9;1.1;0.6;0.8;1.4;4;0
117;Caleb MartinMIA;SF;71;29.3;9.6;3.6;7.7;46.3;1.2;3.3;35.6;1.3;1.6;80.5;4.8;1.6;1.0;0.4;1.1;2;0
118;Shai Gilgeous-AlexanderOKC;PG;68;35.5;31.4;10.4;20.3;51.0;0.9;2.5;34.5;9.8;10.9;90.5;4.8;5.5;1.6;1.0;2.8;3;0
119;Santi AldamaMEM;PF;77;21.8;9.0;3.2;6.8;47.0;1.2;3.5;35.3;1.4;1.9;75.0;4.8;1.3;0.6;0.6;0.8;4;0
120;Cole AnthonyORL;PG;60;25.9;13.0;4.6;10.2;45.4;1.3;3.4;36.4;2.5;2.8;89.4;4.8;3.9;0.6;0.5;1.5;1;0
121;Dorian Finney-SmithDAL/BKN;PF;66;30.4;8.3;3.0;7.6;39.1;1.7;5.1;33.7;0.7;0.9;76.3;4.8;1.5;0.8;0.5;0.9;2;0
122;Damian LillardPOR;PG;58;36.3;32.2;9.6;20.7;46.3;4.2;11.3;37.1;8.8;9.6;91.4;4.8;7.3;0.9;0.3;3.3;16;2
-;Willy HernangomezNO;C;38;12.1;6.9;2.3;4.4;52.7;0.1;0.3;27.3;2.1;2.7;77.9;4.7;0.9;0.4;0.3;1.0;2;0
124;Saddiq BeyATL/DET;SF;77;27.6;13.8;4.6;10.9;42.2;2.0;5.4;36.1;2.7;3.1;86.1;4.7;1.5;0.9;0.2;0.9;4;0
-;Aleksej PokusevskiOKC;F;34;20.6;8.1;3.2;7.3;43.4;1.1;3.1;36.5;0.6;1.0;62.9;4.7;1.9;0.6;1.3;1.3;3;0
-;Jericho SimsNY;C;52;15.6;3.4;1.6;2.1;77.6;0.0;0.0;0.0;0.2;0.3;75.0;4.7;0.5;0.3;0.5;0.5;2;0
127;Luguentz DortOKC;G;74;30.7;13.7;4.6;11.8;38.8;1.8;5.5;33.0;2.7;3.5;77.2;4.6;2.1;1.0;0.3;1.2;5;0
128;Pat ConnaughtonMIL;SG;61;23.7;7.6;2.7;6.9;39.2;1.8;5.3;33.9;0.4;0.7;65.9;4.6;1.3;0.6;0.2;0.5;2;0
129;Keegan MurraySAC;SF;80;29.8;12.2;4.4;9.8;45.3;2.6;6.3;41.1;0.8;1.0;76.5;4.6;1.2;0.8;0.5;0.8;4;0
130;DeMar DeRozanCHI;SF;74;36.2;24.5;8.9;17.6;50.4;0.6;1.9;32.4;6.2;7.1;87.2;4.6;5.1;1.1;0.5;2.1;6;0
131;Grant WilliamsBOS;PF;79;25.9;8.1;2.7;6.0;45.4;1.5;3.7;39.5;1.2;1.5;77.0;4.6;1.7;0.5;0.4;1.0;3;0
-;Mo BambaLAL/ORL;C;49;15.7;6.6;2.4;4.9;48.5;1.0;2.5;38.7;0.8;1.3;66.1;4.6;0.9;0.3;0.9;0.6;2;0
-;Kris DunnUTAH;G;22;25.8;13.2;5.3;9.8;53.7;0.8;1.6;47.2;1.9;2.4;77.4;4.5;5.6;1.1;0.5;1.6;3;0
-;Moritz WagnerORL;C;57;19.5;10.5;3.5;6.9;50.0;0.9;2.9;31.3;2.7;3.2;84.1;4.5;1.5;0.6;0.2;1.2;3;0
-;Devin BookerPHX;SG;53;34.6;27.8;9.9;20.1;49.4;2.1;6.0;35.1;5.8;6.8;85.5;4.5;5.5;1.0;0.3;2.7;5;0
136;Donte DiVincenzoGS;SG;72;26.3;9.4;3.3;7.5;43.5;2.1;5.3;39.7;0.8;1.0;81.7;4.5;3.5;1.3;0.1;1.6;4;0
137;Jalen WilliamsOKC;F;75;30.3;14.1;5.5;10.6;52.1;1.0;2.7;35.6;2.1;2.5;81.2;4.5;3.3;1.4;0.5;1.6;3;0
138;Jerami GrantPOR;SF;63;35.7;20.5;6.9;14.5;47.5;2.3;5.7;40.1;4.4;5.4;81.3;4.5;2.4;0.8;0.8;1.8;2;0
138;Rui HachimuraLAL/WSH;PF;63;23.3;11.2;4.5;9.3;48.6;0.8;2.5;31.9;1.4;1.9;73.9;4.5;0.9;0.3;0.4;0.8;2;0
140;Zach LaVineCHI;SG;77;35.9;24.8;8.7;18.0;48.5;2.6;7.1;37.5;4.7;5.6;84.8;4.5;4.2;0.9;0.2;2.5;2;0
141;Isaiah JacksonIND;SF;63;16.5;7.2;2.8;5.0;56.3;0.0;0.2;14.3;1.5;2.3;65.1;4.5;0.8;0.5;1.5;0.8;5;0
142;Harrison BarnesSAC;SF;82;32.5;15.0;4.6;9.6;47.3;1.6;4.3;37.4;4.3;5.0;84.7;4.5;1.6;0.7;0.1;1.0;0;0
-;Cameron JohnsonBKN/PHX;SF;42;28.6;15.5;5.3;11.3;47.0;2.5;6.1;40.4;2.4;2.9;84.2;4.4;1.9;1.2;0.3;0.9;1;0
-;Shaquille HarrisonPOR;G;5;24.0;8.8;3.0;7.2;41.7;0.6;2.0;30.0;2.2;3.0;73.3;4.4;6.0;2.2;0.4;1.2;1;0
145;Mikal BridgesBKN/PHX;SF;83;35.7;20.1;7.1;15.3;46.8;2.0;5.3;38.2;3.8;4.3;89.5;4.4;3.3;1.1;0.7;1.5;2;0
146;CJ McCollumNO;SG;75;35.3;20.9;7.8;17.9;43.7;2.8;7.2;38.9;2.4;3.2;76.9;4.4;5.7;0.9;0.5;2.4;6;0
147;Jalen McDanielsCHA/PHI;PF;80;23.9;9.4;3.5;7.7;45.5;1.0;2.9;33.2;1.5;1.7;84.1;4.3;1.6;1.0;0.4;1.2;3;0
148;John KoncharMEM;SG;72;20.8;5.1;1.9;4.4;43.1;0.8;2.5;33.9;0.4;0.5;77.8;4.3;1.4;1.1;0.3;0.5;2;0
-;Sandro MamukelashviliSA/MIL;PF;43;15.3;6.1;2.3;5.3;42.2;0.7;2.3;30.3;0.9;1.3;68.4;4.3;1.4;0.3;0.3;0.8;2;0
-;Gordon HaywardCHA;SF;50;31.5;14.7;5.5;11.6;47.5;1.0;3.2;32.5;2.6;3.2;81.1;4.3;4.1;0.8;0.2;2.0;2;0
-;Luka SamanicUTAH;F;7;23.0;9.9;3.7;8.1;45.6;1.1;4.4;25.8;1.3;1.9;69.2;4.3;2.1;0.9;0.3;1.4;0;0
-;Cody ZellerMIA;C;15;14.5;6.5;2.5;3.9;62.7;0.0;0.1;0.0;1.6;2.3;68.6;4.3;0.7;0.2;0.3;0.9;0;0
153;Bismack BiyomboPHX;C;61;14.3;4.3;2.0;3.4;57.8;0.0;0.0;0.0;0.4;1.1;35.7;4.3;0.9;0.3;1.4;0.8;3;0
154;Chris PaulPHX;PG;59;32.0;13.9;5.0;11.3;44.0;1.7;4.4;37.5;2.3;2.7;83.1;4.3;8.9;1.5;0.4;1.9;17;0
155;Donovan MitchellCLE;SG;68;35.8;28.3;10.0;20.6;48.4;3.6;9.3;38.6;4.7;5.4;86.7;4.3;4.4;1.5;0.4;2.6;5;0
-;Khris MiddletonMIL;SF;33;24.3;15.1;5.4;12.3;43.6;1.5;4.9;31.5;2.8;3.1;90.2;4.2;4.9;0.7;0.2;2.2;4;0
157;De'Andre HunterATL;SF;67;31.7;15.4;5.7;12.3;46.1;1.5;4.3;35.0;2.6;3.1;82.6;4.2;1.4;0.5;0.3;1.2;1;0
158;Wenyen GabrielLAL;F;68;15.1;5.5;2.3;3.8;59.6;0.1;0.5;27.8;0.8;1.2;61.9;4.2;0.5;0.4;0.5;0.7;0;0
159;De'Aaron FoxSAC;PG;73;33.4;25.0;9.3;18.2;51.2;1.6;5.0;32.4;4.7;6.0;78.0;4.2;6.1;1.1;0.3;2.5;11;0
-;Jeremiah Robinson-EarlOKC;PF;43;18.9;6.8;2.6;5.8;44.4;0.9;2.6;33.3;0.8;1.0;83.3;4.2;1.0;0.6;0.3;0.4;1;0
161;Malcolm BrogdonBOS;PG;67;26.0;14.9;5.3;10.9;48.4;2.0;4.4;44.4;2.4;2.7;87.0;4.2;3.7;0.7;0.3;1.5;0;0
-;Day'Ron SharpeBKN;C;48;11.5;4.7;1.9;3.6;54.4;0.1;0.2;54.5;0.7;1.1;63.6;4.2;0.8;0.3;0.7;0.9;2;0
163;Immanuel QuickleyNY;SG;81;28.9;14.9;5.2;11.6;44.8;2.1;5.6;37.0;2.5;3.1;81.9;4.2;3.4;1.0;0.2;1.2;4;0
164;Klay ThompsonGS;SG;69;33.0;21.9;7.9;18.1;43.6;4.4;10.6;41.2;1.7;1.9;87.9;4.1;2.4;0.7;0.4;1.8;2;0
165;Dwight PowellDAL;C;76;19.2;6.7;2.6;3.5;73.2;0.0;0.1;0.0;1.5;2.2;66.7;4.1;0.9;0.6;0.3;0.9;1;0
166;Franz WagnerORL;SF;80;32.6;18.6;6.8;14.0;48.5;1.6;4.5;36.1;3.4;4.0;84.2;4.1;3.5;1.0;0.2;2.1;2;0
167;Terry RozierCHA;SG;63;35.3;21.1;7.8;18.9;41.5;2.6;8.0;32.7;2.8;3.5;80.9;4.1;5.1;1.2;0.3;2.1;1;0
168;Bruce BrownDEN;SF;80;28.5;11.5;4.5;9.3;48.3;1.1;3.2;35.8;1.5;1.9;75.8;4.1;3.4;1.1;0.6;1.5;3;1
169;Usman GarubaHOU;PF;75;12.9;3.0;1.1;2.4;48.6;0.3;0.8;40.7;0.4;0.6;61.7;4.1;0.9;0.6;0.4;0.6;0;0
-;Kyle LowryMIA;PG;55;31.2;11.2;3.6;8.8;40.4;1.9;5.6;34.5;2.1;2.5;85.9;4.1;5.1;1.0;0.4;1.9;2;1
171;Bennedict MathurinIND;SG;78;28.5;16.7;5.3;12.2;43.4;1.3;4.0;32.3;4.8;5.8;82.8;4.1;1.5;0.6;0.2;1.9;0;0
172;Herbert JonesNO;SF;66;29.6;9.8;3.6;7.6;46.9;0.8;2.5;33.5;1.9;2.4;76.4;4.1;2.5;1.6;0.6;1.3;0;0
-;Orlando RobinsonMIA;C;31;13.7;3.7;1.5;2.9;52.8;0.0;0.2;0.0;0.7;1.0;71.0;4.1;0.8;0.4;0.4;0.5;0;0
174;Fred VanVleetTOR;SG;69;36.7;19.3;6.3;16.1;39.3;3.0;8.8;34.2;3.7;4.1;89.8;4.1;7.2;1.8;0.6;2.0;10;1
174;Jock LandalePHX;C;69;14.2;6.6;2.6;4.9;52.8;0.3;1.2;25.0;1.1;1.5;75.2;4.1;1.0;0.2;0.4;0.9;3;0
176;Trey LylesSAC;PF;74;16.9;7.6;2.5;5.5;45.8;1.2;3.2;36.3;1.4;1.7;81.5;4.1;0.9;0.4;0.4;0.9;1;0
177;Troy Brown Jr.LAL;SF;76;24.5;7.1;2.6;6.1;43.0;1.4;3.7;38.1;0.4;0.5;87.2;4.1;1.3;0.8;0.2;0.6;2;0
178;De'Anthony MeltonPHI;SG;77;27.9;10.1;3.6;8.5;42.5;2.0;5.2;39.0;0.9;1.1;79.3;4.1;2.6;1.6;0.5;1.3;0;0
179;Jordan ClarksonUTAH;PG;61;32.6;20.8;7.5;16.9;44.4;2.5;7.5;33.8;3.3;4.0;81.6;4.0;4.4;0.5;0.2;3.0;3;0
180;Jalen JohnsonATL;SF;70;14.9;5.6;2.3;4.6;49.1;0.4;1.5;28.8;0.7;1.1;62.8;4.0;1.2;0.5;0.5;0.6;1;0
-;Jonathan IsaacORL;PF;11;11.3;5.0;2.0;4.8;41.5;0.5;1.4;40.0;0.5;0.8;55.6;4.0;0.5;1.3;0.4;0.4;0;0
-;Jacob GilyardMEM;G;1;41.0;3.0;1.0;3.0;33.3;1.0;3.0;33.3;0.0;0.0;0.0;4.0;7.0;3.0;0.0;2.0;0;0
-;Louis KingPHI;SF;1;29.0;20.0;8.0;13.0;61.5;4.0;8.0;50.0;0.0;1.0;0.0;4.0;2.0;1.0;0.0;2.0;0;0
184;Patrick WilliamsCHI;PF;82;28.3;10.2;3.8;8.3;46.4;1.4;3.4;41.5;1.1;1.3;85.7;4.0;1.2;0.9;0.9;1.2;1;0
185;Marcus Morris Sr.LAC;SF;65;28.1;11.2;4.2;9.9;42.6;1.7;4.7;36.5;1.0;1.3;78.2;4.0;1.8;0.6;0.3;0.9;2;0
186;Jamal MurrayDEN;PG;65;32.8;20.0;7.3;16.0;45.4;2.6;6.6;39.8;2.8;3.3;83.3;4.0;6.2;1.0;0.2;2.2;5;1
187;P.J. TuckerPHI;PF;75;25.6;3.5;1.3;3.0;42.7;0.7;1.9;39.3;0.3;0.3;82.6;3.9;0.8;0.5;0.2;0.6;0;0
-;Bradley BealWSH;SG;50;33.5;23.2;8.9;17.6;50.6;1.6;4.4;36.5;3.8;4.6;84.2;3.9;5.4;0.9;0.7;2.9;2;0
189;Markelle FultzORL;PG;60;29.6;14.0;5.8;11.3;51.4;0.5;1.5;31.0;1.9;2.4;78.3;3.9;5.7;1.5;0.4;2.3;3;0
-;Devin VassellSA;SG;38;31.0;18.5;6.9;15.7;43.9;2.7;7.0;38.7;2.1;2.6;78.0;3.9;3.6;1.1;0.4;1.5;0;0
191;Jaden IveyDET;PG;74;31.1;16.3;5.5;13.3;41.6;1.6;4.7;34.3;3.6;4.8;74.7;3.9;5.2;0.8;0.2;3.2;8;0
192;Jaden McDanielsMIN;PF;79;30.6;12.1;4.7;9.1;51.7;1.4;3.4;39.8;1.3;1.8;73.6;3.9;1.9;0.9;1.0;1.4;0;0
-;Moses BrownLAC/BKN;C;36;8.2;4.3;1.7;2.7;63.5;0.0;0.0;0.0;0.9;2.0;45.8;3.9;0.1;0.1;0.4;0.4;3;0
194;Trendon WatfordPOR;PF;62;19.1;7.4;2.9;5.2;56.0;0.4;1.0;39.1;1.2;1.6;72.0;3.8;2.1;0.5;0.2;1.1;3;0
195;Nicolas BatumLAC;PF;78;21.9;6.1;2.1;4.9;42.0;1.6;4.1;39.1;0.4;0.6;70.8;3.8;1.6;0.7;0.6;0.6;0;0
-;Jae CrowderMIL/PHX;PF;18;18.9;6.9;2.5;5.2;47.9;1.3;3.1;43.6;0.6;0.7;83.3;3.8;1.5;0.7;0.3;0.4;0;0
197;Caris LeVertCLE;SG;74;30.2;12.1;4.3;10.0;43.1;1.7;4.4;39.2;1.8;2.4;72.2;3.8;3.9;1.0;0.3;1.6;1;0
-;Jae'Sean TateHOU;SF;31;21.8;9.1;3.5;7.4;48.0;0.4;1.5;28.3;1.6;2.2;72.5;3.8;2.7;0.7;0.2;1.5;0;0
-;Xavier CooksWSH;G;10;12.6;3.8;1.7;2.8;60.7;0.0;0.1;0.0;0.4;1.0;40.0;3.8;0.6;0.6;0.4;0.8;1;0
-;Jarrett CulverATL;G;10;13.7;4.4;1.7;4.3;39.5;0.1;1.2;8.3;0.9;1.3;69.2;3.8;0.6;0.6;0.2;0.7;0;0
201;Paul ReedPHI;SF;69;10.9;4.2;1.8;3.0;59.3;0.0;0.1;16.7;0.6;0.7;74.5;3.8;0.4;0.7;0.7;0.7;5;0
202;Aaron NesmithIND;SF;73;24.9;10.1;3.5;8.1;42.7;1.6;4.3;36.6;1.6;1.9;83.8;3.8;1.3;0.8;0.5;1.0;1;0
-;Blake GriffinBOS;PF;41;13.9;4.1;1.5;3.2;48.5;0.6;1.6;34.8;0.5;0.8;65.6;3.8;1.5;0.3;0.2;0.5;0;0
204;Bojan BogdanovicDET;SF;59;32.1;21.6;7.3;14.9;48.8;2.5;6.0;41.1;4.5;5.1;88.4;3.8;2.6;0.6;0.1;2.3;0;0
-;Meyers LeonardMIL;C;9;12.7;4.8;1.6;3.2;48.3;0.8;2.0;38.9;0.9;1.0;88.9;3.8;0.1;0.2;0.0;0.7;1;0
-;Justin MinayaPOR;F;4;22.3;4.3;1.8;5.8;30.4;0.8;3.0;25.0;0.0;0.3;0.0;3.8;1.0;0.5;1.3;1.0;0;0
207;Jalen GreenHOU;SG;76;34.2;22.1;7.4;17.9;41.7;2.5;7.3;33.8;4.8;6.1;78.6;3.7;3.7;0.8;0.2;2.6;0;0
208;Jordan NworaIND/MIL;SF;62;19.2;8.7;3.1;7.2;43.6;1.4;3.4;40.8;1.1;1.4;79.1;3.7;1.4;0.4;0.2;1.1;1;0
209;Patrick BeverleyLAL/CHI;PG;67;27.1;6.2;2.1;5.4;40.0;1.2;3.6;33.5;0.7;1.0;72.3;3.7;2.9;0.9;0.6;0.9;2;0
209;Keita Bates-DiopSA;SF;67;21.7;9.7;3.5;6.9;50.8;0.8;2.1;39.4;1.8;2.2;79.3;3.7;1.5;0.7;0.3;0.8;0;0
-;Tyrese HaliburtonIND;PG;56;33.6;20.7;7.4;15.0;49.0;2.9;7.2;40.0;3.1;3.6;87.1;3.7;10.4;1.6;0.4;2.5;32;0
-;Maxi KleberDAL;PF;37;25.1;5.9;2.1;4.6;45.6;1.1;3.0;34.8;0.7;1.0;71.1;3.6;1.4;0.3;0.8;0.7;0;0
-;Dominick BarlowSA;F;28;14.6;3.9;1.6;3.1;53.5;0.0;0.1;0.0;0.6;0.9;72.0;3.6;0.9;0.4;0.7;0.5;2;0
-;Dario SaricOKC/PHX;PF;57;14.1;6.4;2.2;4.9;45.8;0.8;2.0;39.1;1.1;1.3;82.9;3.6;1.3;0.4;0.1;1.0;2;0
215;Reggie BullockDAL;SF;78;30.3;7.2;2.5;6.0;40.9;1.9;5.1;38.0;0.3;0.5;70.3;3.6;1.4;0.7;0.2;0.5;1;0
216;Naji MarshallNO;SF;77;23.3;9.1;3.2;7.4;43.3;0.9;2.8;30.3;1.8;2.3;78.9;3.6;2.5;0.7;0.2;1.3;0;0
-;Goga BitadzeIND/ORL;C;38;12.0;4.4;1.8;3.3;55.2;0.2;0.7;23.1;0.6;1.1;54.8;3.6;1.0;0.4;0.7;0.6;2;0
218;Tre JonesSA;PG;68;29.2;12.9;5.0;10.9;45.9;0.7;2.3;28.5;2.2;2.5;86.0;3.6;6.6;1.3;0.1;1.6;6;2
-;Delon WrightWSH;SG;50;24.4;7.4;2.8;5.8;47.4;0.8;2.4;34.5;1.0;1.2;86.7;3.6;3.9;1.8;0.3;0.9;0;0
-;JaMychal GreenGS;F;57;14.0;6.4;2.4;4.4;54.0;0.7;1.9;37.8;0.9;1.2;77.6;3.6;0.9;0.4;0.4;0.9;0;0
221;Derrick WhiteBOS;PG;82;28.3;12.4;4.3;9.2;46.2;1.8;4.8;38.1;2.0;2.3;87.5;3.6;3.9;0.7;0.9;1.2;7;0
222;Trey Murphy IIINO;SG;79;31.0;14.5;4.9;10.1;48.4;2.6;6.3;40.6;2.2;2.4;90.5;3.6;1.4;1.1;0.5;0.8;1;0
-;Chuma OkekeORL;PF;27;19.2;4.7;1.6;4.5;35.2;1.0;3.2;30.2;0.6;0.8;76.2;3.6;1.4;0.7;0.4;0.6;0;0
224;Jalen BrunsonNY;PG;68;35.0;24.0;8.6;17.6;49.1;2.0;4.7;41.6;4.8;5.8;82.9;3.5;6.2;0.9;0.2;2.1;5;0
225;Tim Hardaway Jr.DAL;SF;71;30.3;14.4;4.8;11.9;40.1;3.0;7.7;38.5;1.8;2.3;77.0;3.5;1.8;0.7;0.2;0.8;0;0
-;Julian ChampagnieSA/PHI;F;17;18.8;9.7;3.5;7.6;45.4;1.9;4.8;40.2;0.8;1.0;82.4;3.5;0.6;0.4;0.3;0.6;1;0
-;Dewayne DedmonMIA/PHI;C;38;11.2;5.2;2.0;4.0;51.0;0.3;1.0;30.8;0.9;1.3;67.3;3.5;0.7;0.2;0.5;0.7;0;0
-;Bruno FernandoATL/HOU;PF;39;10.4;3.9;1.5;2.9;52.7;0.0;0.1;0.0;0.9;1.3;70.0;3.5;0.8;0.2;0.9;0.6;1;0
229;Malik BeasleyLAL/UTAH;SG;81;25.8;12.7;4.6;11.6;39.5;2.9;8.1;35.7;0.6;0.8;76.9;3.5;1.5;0.8;0.1;1.1;1;0
230;Josh OkogiePHX;SF;72;18.8;7.3;2.3;5.8;39.1;0.9;2.7;33.5;1.9;2.7;72.4;3.5;1.5;0.8;0.5;0.9;2;0
-;Haywood HighsmithMIA;F;54;17.9;4.4;1.7;4.0;43.1;0.7;2.0;33.9;0.2;0.5;46.4;3.5;0.8;0.7;0.3;0.8;2;0
232;Anthony LambGS;F;62;19.3;6.7;2.4;5.1;47.1;1.2;3.2;36.7;0.7;1.0;76.7;3.5;1.5;0.5;0.3;0.9;0;0
-;Hamidou DialloDET;SG;56;17.8;9.3;3.8;6.7;57.3;0.1;0.4;23.8;1.6;2.6;58.8;3.5;1.0;0.9;0.3;1.3;0;0
-;Robert CovingtonLAC;PF;48;16.2;6.0;2.1;4.8;44.5;1.1;2.8;39.7;0.6;0.8;75.0;3.5;1.2;0.8;0.7;0.7;0;0
-;Gorgui DiengSA;C;31;11.5;3.9;1.5;3.8;38.5;0.7;2.4;28.0;0.3;0.4;76.9;3.5;1.7;0.1;0.5;1.0;2;0
236;Jonathan KumingaGS;PF;67;20.8;9.9;3.9;7.4;52.5;0.8;2.2;37.0;1.3;2.1;65.2;3.4;1.9;0.6;0.5;1.4;1;0
-;Olivier SarrOKC;C;9;12.7;4.0;1.7;3.3;50.0;0.1;0.9;12.5;0.6;0.8;71.4;3.4;0.4;0.1;0.6;0.4;1;0
-;Cody MartinCHA;SF;7;19.1;5.0;2.0;5.1;38.9;0.4;2.0;21.4;0.6;1.0;57.1;3.4;1.6;0.6;0.1;0.3;0;0
239;Spencer DinwiddieDAL/BKN;PG;79;34.5;17.3;5.8;13.3;43.8;2.3;6.2;36.9;3.4;4.2;81.2;3.4;6.5;0.8;0.3;1.8;9;0
-;Dean WadeCLE;PF;44;20.3;4.7;1.7;4.0;41.2;1.0;2.9;35.4;0.3;0.5;65.2;3.4;0.8;0.6;0.5;0.4;0;0
241;Terance MannLAC;SG;81;23.1;8.8;3.4;6.5;51.9;1.0;2.4;38.9;1.1;1.5;78.0;3.4;2.3;0.5;0.3;1.0;1;0
242;Monte MorrisWSH;PG;62;27.4;10.3;4.0;8.3;48.0;1.3;3.3;38.2;1.0;1.2;83.1;3.4;5.3;0.7;0.2;1.0;2;0
243;Oshae BrissettIND;SF;65;16.7;6.1;1.9;4.9;38.6;0.7;2.4;31.0;1.6;2.2;71.7;3.4;0.7;0.5;0.2;0.5;1;0
244;Kevin HuerterSAC;SG;75;29.4;15.2;5.6;11.5;48.5;2.7;6.8;40.2;1.3;1.7;72.5;3.3;2.9;1.1;0.3;1.3;0;0
245;Dillon BrooksMEM;SF;73;30.3;14.3;5.4;13.6;39.6;2.0;6.0;32.6;1.6;2.1;77.9;3.3;2.6;0.9;0.2;1.4;0;0
246;Lamar StevensCLE;F;62;18.1;5.3;2.1;4.6;44.8;0.5;1.5;31.6;0.6;0.9;70.2;3.3;0.5;0.4;0.3;0.4;1;0
247;Jordan GoodwinWSH;G;62;17.8;6.6;2.5;5.7;44.8;0.6;1.9;32.2;0.9;1.1;76.8;3.3;2.7;0.9;0.4;0.9;0;0
-;Udoka AzubuikeUTAH;C;36;10.0;3.5;1.6;2.0;81.9;0.0;0.0;0.0;0.2;0.6;35.0;3.3;0.3;0.2;0.4;0.5;0;0
249;Grayson AllenMIL;SG;72;27.4;10.4;3.4;7.7;44.0;2.0;5.1;39.9;1.6;1.8;90.5;3.3;2.3;0.9;0.2;1.0;0;0
-;Joshua PrimoSA;SG;4;23.3;7.0;2.3;6.5;34.6;0.8;3.0;25.0;1.8;2.3;77.8;3.3;4.5;0.3;0.5;2.8;0;0
251;Talen Horton-TuckerUTAH;SG;65;20.2;10.7;4.0;9.4;41.9;0.9;3.1;28.6;1.9;2.6;75.0;3.2;3.8;0.6;0.4;1.9;2;0
252;Quentin GrimesNY;SG;71;29.9;11.3;4.0;8.5;46.8;2.2;5.7;38.6;1.1;1.4;79.6;3.2;2.1;0.7;0.4;1.0;0;0
253;Max StrusMIA;SG;80;28.4;11.5;4.1;9.9;41.0;2.5;7.0;35.0;1.0;1.1;87.6;3.2;2.1;0.5;0.2;0.9;2;0
254;Mike MuscalaBOS/OKC;C;63;15.0;6.1;2.1;4.6;44.9;1.3;3.3;39.1;0.6;0.8;76.9;3.2;0.8;0.2;0.4;0.4;0;0
-;Darius BazleyOKC/PHX;PF;43;14.3;5.2;1.9;4.3;45.4;0.5;1.2;37.7;0.9;1.6;54.3;3.2;0.9;0.5;0.8;0.6;0;0
256;Dyson DanielsNO;G;59;17.7;3.8;1.5;3.5;41.8;0.5;1.5;31.4;0.4;0.7;65.0;3.2;2.3;0.7;0.2;1.0;0;0
-;Stanley JohnsonSA;SF;30;15.6;5.8;2.2;4.1;53.3;0.6;1.3;45.0;0.9;1.3;66.7;3.2;2.2;0.5;0.2;1.1;0;0
-;Skylar MaysPOR;SG;6;31.5;15.3;5.7;11.3;50.0;2.0;4.3;46.2;2.0;2.2;92.3;3.2;8.3;1.0;0.2;1.7;1;0
-;Daniel TheisIND;C;7;15.6;7.0;3.0;6.3;47.7;0.3;1.6;18.2;0.7;1.7;41.7;3.1;1.3;0.3;0.9;0.4;0;0
-;Gary Payton IIPOR/GS;SG;22;16.7;4.6;1.9;3.1;59.4;0.6;1.2;50.0;0.3;0.3;85.7;3.1;1.4;1.0;0.2;0.7;0;0
261;Marcus SmartBOS;PG;61;32.1;11.5;4.1;9.9;41.5;1.9;5.6;33.6;1.4;1.9;74.6;3.1;6.3;1.5;0.4;2.3;6;0
262;T.J. McConnellIND;PG;75;20.3;8.7;3.8;6.9;54.3;0.3;0.8;44.1;0.8;0.9;85.3;3.1;5.3;1.1;0.1;1.9;6;1
-;Alec BurksDET;SG;51;22.0;12.8;3.9;9.0;43.6;1.9;4.7;41.4;3.0;3.7;81.4;3.1;2.2;0.7;0.2;1.1;0;0
-;Dennis Smith Jr.CHA;PG;54;25.7;8.8;3.4;8.4;41.2;0.4;2.1;21.6;1.4;2.0;73.6;3.1;4.8;1.4;0.5;1.5;1;0
-;Thaddeus YoungTOR;PF;54;14.7;4.4;2.0;3.7;54.5;0.1;0.6;17.6;0.3;0.5;69.2;3.1;1.4;1.0;0.1;0.8;0;0
-;Bogdan BogdanovicATL;SG;54;27.9;14.0;5.1;11.3;44.7;2.7;6.7;40.6;1.2;1.4;83.1;3.1;2.8;0.8;0.3;1.2;0;0
-;Victor OladipoMIA;SG;42;26.3;10.7;3.8;9.6;39.7;1.7;5.0;33.0;1.4;1.9;74.7;3.0;3.5;1.4;0.3;2.1;0;0
268;Damion LeePHX;SG;74;20.4;8.2;2.7;6.1;44.2;1.5;3.3;44.5;1.3;1.4;90.4;3.0;1.3;0.4;0.1;1.1;0;0
-;Jalen SuggsORL;SG;53;23.5;9.9;3.5;8.4;41.9;1.2;3.8;32.7;1.6;2.2;72.3;3.0;2.9;1.3;0.5;1.8;0;0
270;Josh GreenDAL;SG;60;25.7;9.1;3.4;6.4;53.7;1.1;2.8;40.2;1.1;1.6;72.3;3.0;1.7;0.7;0.1;1.2;1;0
271;D'Angelo RussellLAL/MIN;PG;71;32.5;17.8;6.3;13.4;46.9;2.7;6.9;39.6;2.5;3.0;82.9;3.0;6.2;1.0;0.4;2.6;9;0
272;Austin ReavesLAL;SG;64;28.8;13.0;4.0;7.7;52.9;1.3;3.4;39.8;3.6;4.1;86.4;3.0;3.4;0.5;0.3;1.5;1;0
273;Aaron WigginsOKC;SG;70;18.5;6.8;2.7;5.2;51.2;0.7;1.7;39.3;0.8;1.0;83.1;3.0;1.1;0.6;0.2;0.8;1;0
-;Chance ComanchePOR;C;1;21.0;7.0;3.0;5.0;60.0;0.0;0.0;0.0;1.0;4.0;25.0;3.0;0.0;0.0;1.0;0.0;0;0
274;Chimezie MetuSAC;PF;66;10.4;4.9;2.0;3.3;58.9;0.1;0.6;23.7;0.8;1.1;74.0;3.0;0.6;0.3;0.3;0.5;0;0
-;Jay HuffWSH;C;7;13.6;7.3;2.1;3.6;60.0;0.9;1.7;50.0;2.1;2.3;93.8;3.0;1.4;0.4;0.6;0.7;0;0
-;Jeenathan WilliamsPOR;G;5;25.4;10.6;4.8;7.8;61.5;0.6;1.6;37.5;0.4;0.6;66.7;3.0;2.0;0.6;0.4;0.8;0;0
-;Jay ScrubbORL;G;2;15.0;6.5;2.5;3.5;71.4;1.0;1.0;100.0;0.5;1.0;50.0;3.0;0.5;1.0;0.0;1.5;0;0
-;Damian JonesLAL/UTAH;C;41;11.6;3.5;1.3;2.1;64.0;0.2;0.4;58.8;0.5;0.7;75.9;3.0;0.4;0.2;0.5;0.6;1;0
280;Trae YoungATL;PG;73;34.8;26.2;8.2;19.0;43.0;2.1;6.3;33.5;7.8;8.8;88.6;3.0;10.2;1.1;0.1;4.1;40;0
281;Shaedon SharpePOR;SG;80;22.2;9.9;3.8;8.1;47.2;1.3;3.5;36.0;0.9;1.3;71.4;3.0;1.2;0.5;0.3;1.0;0;0
282;Christian KolokoTOR;C;58;13.8;3.1;1.2;2.6;48.0;0.0;0.2;8.3;0.6;1.0;62.7;2.9;0.5;0.4;1.0;0.3;0;0
283;Tyrese MaxeyPHI;PG;60;33.6;20.3;7.3;15.2;48.1;2.7;6.2;43.4;3.0;3.6;84.5;2.9;3.5;0.8;0.1;1.3;0;0
-;Juancho HernangomezTOR;PF;42;14.6;2.9;1.1;2.7;42.1;0.4;1.6;25.4;0.2;0.4;56.3;2.9;0.6;0.4;0.1;0.4;1;0
285;Alex CarusoCHI;SG;67;23.5;5.6;1.9;4.3;45.5;0.8;2.3;36.4;0.9;1.1;80.8;2.9;2.9;1.5;0.7;1.1;1;0
286;Norman PowellLAC;G;60;26.1;17.0;5.7;11.8;47.9;1.9;4.8;39.7;3.8;4.6;81.2;2.9;1.8;0.8;0.3;1.7;0;0
-;Rudy GayUTAH;SF;56;14.6;5.2;1.9;5.1;37.8;0.6;2.3;25.2;0.8;0.9;85.7;2.9;1.0;0.3;0.3;0.7;0;0
288;Killian HayesDET;PG;76;28.3;10.3;4.0;10.7;37.7;1.1;3.8;28.0;1.2;1.5;82.1;2.9;6.2;1.4;0.4;2.3;6;0
-;Jamal CainMIA;F;18;13.3;5.4;2.1;3.7;56.1;0.4;1.1;35.0;0.9;1.2;77.3;2.9;0.7;0.6;0.1;0.3;0;0
-;T.J. WarrenBKN/PHX;SF;42;16.4;7.5;3.1;6.4;48.9;0.5;1.6;32.8;0.7;0.8;80.0;2.9;1.0;0.5;0.3;0.5;0;0
291;Coby WhiteCHI;PG;74;23.4;9.7;3.6;8.0;44.3;1.7;4.6;37.2;0.8;0.9;87.1;2.9;2.8;0.7;0.1;1.0;1;0
292;Luke KornetBOS;C;69;11.7;3.8;1.6;2.5;66.5;0.0;0.2;23.1;0.5;0.6;82.1;2.9;0.8;0.2;0.7;0.4;0;0
293;Kevin Knox IIPOR/DET;SF;63;15.1;6.6;2.4;5.3;45.8;1.0;3.0;34.9;0.7;1.0;76.7;2.8;0.5;0.4;0.2;0.8;2;0
-;Jaxson HayesNO;C;47;13.0;5.0;1.8;3.3;55.1;0.1;0.6;10.3;1.2;1.8;69.9;2.8;0.7;0.4;0.4;0.7;0;0
295;Corey KispertWSH;SF;74;28.3;11.1;3.9;7.9;49.7;2.2;5.2;42.4;1.0;1.2;85.2;2.8;1.2;0.4;0.1;0.7;0;0
-;Theo MaledonCHA;PG;44;19.4;6.7;2.3;5.8;40.2;0.6;2.2;29.5;1.4;1.7;85.1;2.8;3.5;0.8;0.3;1.3;1;0
297;Obi ToppinNY;PF;67;15.7;7.4;2.8;6.3;44.6;1.3;3.7;34.4;0.6;0.7;80.9;2.8;1.0;0.3;0.2;0.6;0;0
-;Montrezl HarrellPHI;C;57;11.9;5.6;2.2;3.7;59.8;0.0;0.1;0.0;1.2;1.8;69.3;2.8;0.6;0.3;0.4;0.6;1;0
-;Joe InglesMIL;SG;46;22.7;6.9;2.3;5.4;43.5;1.8;4.4;40.9;0.4;0.5;85.7;2.8;3.3;0.7;0.1;1.2;1;0
-;Eugene OmoruyiOKC/DET;F;40;16.1;7.0;2.5;5.7;44.3;0.6;2.2;28.1;1.3;1.9;68.0;2.8;0.7;0.7;0.1;0.9;0;0
301;David RoddyMEM;F;70;18.0;6.7;2.6;6.0;42.9;0.9;3.0;30.7;0.6;0.9;63.1;2.8;0.8;0.4;0.3;0.8;0;0
-;Serge IbakaMIL;F;16;11.6;4.1;1.6;3.4;48.1;0.4;1.1;33.3;0.5;0.8;61.5;2.8;0.3;0.1;0.4;0.7;0;0
-;Javonte GreenCHI;SF;32;15.0;5.2;1.9;3.4;56.5;0.4;1.1;37.1;0.9;1.4;66.7;2.8;0.7;0.8;0.7;0.6;0;0
-;Isaiah LiversDET;PF;52;23.1;6.7;2.3;5.5;41.7;1.4;3.9;36.5;0.6;0.8;82.1;2.8;0.8;0.5;0.5;0.6;1;0
302;Ayo DosunmuCHI;SG;80;26.2;8.6;3.5;7.1;49.3;0.7;2.4;31.2;0.8;1.0;80.5;2.8;2.6;0.8;0.3;1.2;0;0
306;Jordan PooleGS;SG;82;30.0;20.4;6.7;15.6;43.0;2.6;7.8;33.6;4.4;5.1;87.0;2.7;4.5;0.8;0.3;3.1;1;0
307;Malaki BranhamSA;G;66;23.5;10.2;4.1;9.3;44.0;1.2;3.9;30.2;0.9;1.1;82.9;2.7;1.9;0.5;0.1;1.2;0;0
308;Kentavious Caldwell-PopeDEN;SG;76;31.3;10.8;3.8;8.3;46.2;1.8;4.2;42.3;1.4;1.6;82.4;2.7;2.4;1.5;0.5;1.1;0;0
309;Mike ConleyUTAH/MIN;PG;67;30.3;11.9;3.9;9.1;42.8;2.0;5.2;38.5;2.1;2.5;83.4;2.7;6.7;1.1;0.2;1.5;6;0
-;John WallLAC;PG;34;22.2;11.4;4.1;10.0;40.7;1.0;3.2;30.3;2.3;3.3;68.1;2.7;5.2;0.8;0.4;2.4;1;0
-;Nerlens NoelBKN/DET;C;17;11.5;2.1;0.8;2.1;36.1;0.1;0.1;50.0;0.5;0.7;66.7;2.7;0.6;0.9;0.6;0.8;0;0
312;Josh RichardsonSA/NO;SG;65;23.5;10.1;3.7;8.5;43.1;1.6;4.5;36.5;1.1;1.2;85.2;2.7;2.7;1.1;0.3;1.3;1;0
-;Ousmane DiengOKC;F;39;14.6;4.9;1.9;4.6;42.0;0.7;2.5;26.5;0.4;0.6;65.2;2.7;1.2;0.4;0.2;0.7;0;0
314;Darius GarlandCLE;PG;69;35.5;21.6;7.6;16.4;46.2;2.4;6.0;41.0;4.0;4.7;86.3;2.7;7.8;1.2;0.1;2.9;18;0
315;Luke KennardLAC/MEM;SG;59;22.3;9.3;3.2;6.5;49.2;2.3;4.6;49.4;0.6;0.7;94.9;2.7;1.5;0.5;0.1;0.8;0;0
-;Kai JonesCHA;PF;46;12.0;3.4;1.5;2.6;55.8;0.1;0.4;21.1;0.4;0.6;73.1;2.7;0.3;0.4;0.7;0.7;1;0
317;Andrew NembhardIND;PG;75;27.7;9.5;3.8;8.6;44.1;1.2;3.5;35.0;0.7;0.8;79.0;2.7;4.5;0.9;0.2;1.7;5;0
-;Romeo LangfordSA;SG;43;19.6;6.9;2.8;6.0;46.7;0.4;1.4;26.2;0.9;1.3;69.6;2.7;1.2;0.6;0.3;0.7;0;0
-;Jared RhodenDET;G;14;14.1;3.2;1.2;3.1;38.6;0.4;1.4;25.0;0.4;0.4;100.0;2.6;0.3;0.3;0.1;0.2;0;0
320;Malik MonkSAC;SG;77;22.3;13.5;4.6;10.3;44.8;1.9;5.2;35.9;2.4;2.7;88.9;2.6;3.9;0.6;0.3;1.9;0;0
321;Gary Trent Jr.TOR;SG;66;32.1;17.4;6.1;14.2;43.3;2.5;6.8;36.9;2.6;3.1;83.9;2.6;1.6;1.6;0.2;0.8;0;0
322;Jaylen NowellMIN;SG;65;19.3;10.8;4.3;9.6;44.8;1.0;3.6;28.9;1.2;1.5;77.8;2.6;2.0;0.6;0.1;1.0;0;0
-;Nassir LittlePOR;SF;54;18.1;6.6;2.5;5.6;44.2;1.1;2.9;36.7;0.6;0.9;71.7;2.6;0.9;0.4;0.4;0.7;0;0
-;Zeke NnajiDEN;PF;53;13.7;5.2;2.1;3.7;56.1;0.3;1.2;26.2;0.8;1.2;64.5;2.6;0.3;0.3;0.4;0.6;1;0
325;Anfernee SimonsPOR;SG;62;35.0;21.1;7.5;16.9;44.7;3.4;9.1;37.7;2.6;2.9;89.4;2.6;4.1;0.7;0.2;2.1;0;0
-;Jeff GreenDEN;PF;56;19.5;7.8;2.9;5.9;48.8;0.5;1.9;28.8;1.6;2.1;74.4;2.6;1.2;0.3;0.3;0.8;0;0
-;Isaiah RobySA;F;42;11.3;4.1;1.6;3.7;43.2;0.4;1.4;30.0;0.5;1.0;48.8;2.6;0.9;0.4;0.2;0.7;0;0
-;Omer YurtsevenMIA;C;9;9.2;4.4;1.8;3.0;59.3;0.3;0.8;42.9;0.6;0.7;83.3;2.6;0.2;0.2;0.2;0.4;0;0
329;Sam HauserBOS;SF;80;16.1;6.4;2.3;5.0;45.5;1.8;4.2;41.8;0.2;0.2;70.6;2.6;0.9;0.4;0.3;0.4;0;0
-;JaVale McGeeDAL;C;42;8.5;4.4;1.9;3.0;64.0;0.0;0.1;40.0;0.6;1.0;58.5;2.5;0.3;0.1;0.6;0.9;0;0
331;Shake MiltonPHI;SG;76;20.6;8.4;3.2;6.6;47.9;0.7;1.9;37.8;1.3;1.5;85.3;2.5;3.2;0.3;0.2;1.2;3;0
332;Dennis SchroderLAL;PG;66;30.1;12.6;4.1;9.8;41.5;1.1;3.4;32.9;3.3;3.8;85.7;2.5;4.5;0.8;0.2;1.7;2;0
332;Tyus JonesMEM;PG;80;24.2;10.3;3.9;8.9;43.8;1.5;4.1;37.1;1.0;1.2;80.6;2.5;5.2;1.0;0.1;0.9;9;1
-;Mfiondu KabengeleBOS;C;4;9.0;1.5;0.5;1.8;28.6;0.0;0.8;0.0;0.5;0.5;100.0;2.5;0.0;0.5;0.0;0.3;0;0
-;Alize JohnsonSA;F;4;7.5;1.8;0.8;1.5;50.0;0.0;0.5;0.0;0.3;0.5;50.0;2.5;0.3;0.3;0.0;1.0;0;0
-;Chris DuarteIND;SG;46;19.5;7.9;2.7;7.2;36.9;1.2;3.8;31.6;1.3;1.6;84.7;2.5;1.4;0.5;0.2;0.9;0;0
337;Jevon CarterMIL;PG;81;22.4;8.0;3.0;7.0;42.3;1.8;4.2;42.1;0.4;0.5;81.6;2.5;2.4;0.8;0.4;1.0;1;0
338;Isaac OkoroCLE;SF;76;21.8;6.4;2.3;4.7;49.4;0.8;2.3;36.3;1.0;1.4;75.7;2.5;1.1;0.7;0.4;0.6;0;0
-;Will BartonWSH/TOR;G;56;17.7;6.8;2.5;6.5;37.9;1.2;3.2;36.7;0.7;0.8;78.7;2.4;2.0;0.5;0.2;0.9;0;0
340;Terrence RossORL/PHX;G;63;21.1;8.3;3.2;7.4;43.0;1.5;4.1;36.8;0.4;0.5;79.4;2.4;1.5;0.6;0.2;0.7;0;0
-;Taurean PrinceMIN;PF;54;22.1;9.1;3.3;7.0;46.7;1.4;3.6;38.1;1.2;1.4;84.4;2.4;1.6;0.5;0.3;1.3;0;0
342;Yuta WatanabeBKN;SF;58;16.0;5.6;2.0;4.0;49.1;1.0;2.3;44.4;0.6;0.8;72.3;2.4;0.8;0.4;0.3;0.4;0;0
-;Trevelin QueenIND;SG;7;10.0;3.0;1.0;4.1;24.1;0.3;2.1;13.3;0.7;0.7;100.0;2.4;0.9;0.3;0.7;1.0;0;0
-;Bones HylandLAC/DEN;PG;56;19.4;11.8;4.1;10.2;39.9;2.1;5.6;37.1;1.5;1.8;84.3;2.4;3.1;0.7;0.3;1.5;1;0
345;Isaiah JoeOKC;SG;73;19.1;9.5;3.1;7.0;44.1;2.2;5.4;40.9;1.1;1.4;82.0;2.4;1.2;0.7;0.1;0.5;0;0
346;Derrick Jones Jr.CHI;SF;64;14.0;5.0;1.8;3.6;50.0;0.4;1.3;33.8;1.0;1.3;73.8;2.4;0.5;0.5;0.6;0.4;0;0
-;Juan Toscano-AndersonLAL/UTAH;SF;52;13.5;3.0;1.2;2.8;44.8;0.2;0.8;18.6;0.4;0.5;79.2;2.4;1.3;0.3;0.2;0.7;0;0
348;Christian BraunDEN;G;76;15.5;4.7;1.9;3.8;49.5;0.4;1.3;35.4;0.5;0.8;62.5;2.4;0.8;0.5;0.2;0.5;0;0
-;Otto Porter Jr.TOR;SF;8;18.3;5.5;1.9;3.8;50.0;0.8;2.1;35.3;1.0;1.0;100.0;2.4;1.0;1.4;0.0;0.5;0;0
350;Georges NiangPHI;SF;78;19.4;8.2;2.8;6.4;44.2;2.0;4.9;40.1;0.5;0.6;86.7;2.4;1.0;0.4;0.2;0.7;0;0
-;Jabari WalkerPOR;F;56;11.1;3.9;1.5;3.5;41.9;0.3;1.0;28.6;0.6;0.8;75.6;2.3;0.6;0.2;0.2;0.5;0;0
352;Ish WainrightPHX;F;60;15.3;4.2;1.4;3.8;37.0;1.0;2.9;32.9;0.4;0.5;83.9;2.3;0.9;0.6;0.4;0.4;0;0
353;Tre MannOKC;PG;67;17.7;7.7;2.9;7.5;39.3;1.2;3.8;31.5;0.6;0.8;76.4;2.3;1.8;0.6;0.2;0.9;1;1
-;Rodney McGruderDET;G;32;16.4;5.7;1.9;4.8;40.8;1.3;3.0;42.3;0.6;0.7;81.8;2.3;0.9;0.5;0.0;0.3;0;0
355;Jose AlvaradoNO;PG;61;21.5;9.0;3.3;8.0;41.1;1.4;4.0;33.6;1.1;1.3;81.3;2.3;3.0;1.1;0.2;1.3;0;0
-;Alex LenSAC;C;26;6.2;1.7;0.6;1.2;53.3;0.0;0.1;0.0;0.4;0.6;68.8;2.3;0.5;0.2;0.4;0.6;0;0
357;Cedi OsmanCLE;SF;77;20.1;8.7;3.1;6.9;45.1;1.5;4.1;37.2;1.0;1.4;69.4;2.3;1.5;0.5;0.1;0.7;1;0
-;Micah PotterUTAH;C;7;7.4;3.4;1.4;2.1;66.7;0.6;1.0;57.1;0.0;0.0;0.0;2.3;0.6;0.1;0.0;0.3;1;0
-;Moussa DiabateLAC;F;22;8.9;2.7;1.1;2.1;51.1;0.0;0.1;50.0;0.5;0.7;62.5;2.3;0.2;0.3;0.4;0.4;0;0
-;Luka GarzaMIN;C;28;8.7;6.5;2.3;4.1;54.3;0.5;1.4;35.9;1.5;1.9;78.8;2.3;0.6;0.1;0.1;0.5;0;0
-;Johnny DavisWSH;G;28;15.1;5.8;2.4;6.1;38.6;0.6;2.5;24.3;0.5;1.0;51.9;2.3;1.0;0.4;0.3;0.6;0;0
362;Joe HarrisBKN;SF;74;20.6;7.6;2.7;5.9;45.7;1.9;4.5;42.6;0.2;0.4;64.3;2.2;1.4;0.5;0.2;0.6;0;0
-;MarJon BeauchampMIL;F;52;13.5;5.1;1.8;4.7;39.5;0.9;2.7;33.1;0.5;0.7;73.0;2.2;0.7;0.4;0.1;0.9;0;0
-;Cameron PaynePHX;PG;48;20.2;10.3;3.9;9.4;41.5;1.4;3.9;36.8;1.0;1.3;76.6;2.2;4.5;0.7;0.2;1.7;3;0
365;JT ThorCHA;F;69;14.0;3.8;1.4;3.4;39.9;0.6;1.8;31.7;0.5;0.7;70.2;2.2;0.5;0.3;0.3;0.6;0;0
-;Cam ReddishPOR/NY;SF;40;24.8;9.7;3.5;7.8;44.6;1.1;3.6;31.3;1.6;1.9;85.3;2.2;1.4;1.0;0.4;1.2;0;0
-;Neemias QuetaSAC;C;5;5.8;2.4;1.2;1.8;66.7;0.0;0.0;0.0;0.0;0.4;0.0;2.2;0.2;0.0;0.4;0.2;0;0
-;Blake WesleySA;G;37;18.1;5.0;1.9;5.8;32.1;0.5;1.4;38.5;0.7;1.2;59.1;2.2;2.7;0.7;0.1;1.8;0;0
-;Collin SextonUTAH;PG;48;23.9;14.3;4.9;9.8;50.6;1.0;2.5;39.3;3.4;4.1;81.9;2.2;2.9;0.6;0.1;1.8;1;0
-;Wesley MatthewsMIL;SG;52;15.8;3.4;1.1;3.1;36.3;0.8;2.4;31.5;0.5;0.5;85.7;2.2;0.7;0.4;0.3;0.3;0;0
371;Doug McDermottSA;SF;64;20.5;10.2;3.7;8.2;45.7;1.9;4.7;41.3;0.8;1.1;75.7;2.2;1.4;0.2;0.1;0.9;0;0
371;Terence DavisSAC;SG;64;13.1;6.7;2.4;5.7;42.3;1.4;3.8;36.6;0.5;0.7;79.1;2.2;1.0;0.7;0.2;0.8;0;0
-;Johnny JuzangUTAH;G;18;12.9;4.8;1.9;5.8;33.7;0.8;3.5;23.8;0.1;0.2;50.0;2.2;0.4;0.2;0.2;0.2;0;0
-;Ziaire WilliamsMEM;F;37;15.2;5.7;2.3;5.3;42.9;0.7;2.6;25.8;0.5;0.6;77.3;2.1;0.9;0.4;0.2;1.0;0;0
375;Vlatko CancarDEN;SF;60;14.8;5.0;1.8;3.8;47.6;0.7;1.9;37.4;0.6;0.7;92.7;2.1;1.3;0.4;0.2;0.6;1;0
376;Gabe VincentMIA;PG;68;25.9;9.4;3.4;8.3;40.2;1.7;5.1;33.4;1.0;1.1;87.2;2.1;2.5;0.9;0.1;1.4;0;0
-;Andre IguodalaGS;F;8;14.1;2.1;0.9;1.9;46.7;0.1;1.1;11.1;0.3;0.4;66.7;2.1;2.4;0.5;0.4;1.1;0;0
377;AJ GriffinATL;F;72;19.5;8.9;3.4;7.4;46.5;1.4;3.6;39.0;0.6;0.7;89.4;2.1;1.0;0.6;0.2;0.6;0;0
-;Kenneth Lofton Jr.MEM;F;24;7.3;5.0;2.0;3.9;52.7;0.3;0.7;35.3;0.7;1.1;59.3;2.1;0.8;0.2;0.1;0.5;1;0
-;Ricky RubioCLE;PG;33;17.2;5.2;1.8;5.4;34.3;0.6;2.5;25.6;0.8;1.1;80.0;2.1;3.5;0.8;0.2;0.9;0;0
381;Reggie JacksonLAC/DEN;PG;68;24.4;10.2;3.9;9.4;41.1;1.4;4.2;33.3;1.0;1.1;91.0;2.1;3.4;0.7;0.1;1.7;1;0
-;James BouknightCHA;SG;34;15.1;5.6;2.0;5.7;35.8;1.0;3.2;30.3;0.6;0.9;66.7;2.1;1.2;0.4;0.1;0.9;0;0
-;Noah VonlehBOS;PF;23;7.5;1.1;0.5;1.0;45.8;0.0;0.2;25.0;0.1;0.1;100.0;2.1;0.3;0.1;0.3;0.5;0;0
-;Nikola JovicMIA;F;15;13.6;5.5;1.9;4.6;40.6;0.5;2.3;22.9;1.2;1.3;94.7;2.1;0.7;0.5;0.1;0.7;0;0
-;Kevon HarrisORL;G;34;13.4;4.1;1.4;3.1;43.9;0.5;1.3;37.2;0.9;1.2;75.6;2.1;0.5;0.5;0.1;0.6;0;0
386;Ochai AgbajiUTAH;G;59;20.5;7.9;2.8;6.5;42.7;1.4;3.9;35.5;0.9;1.2;81.2;2.1;1.1;0.3;0.3;0.7;0;0
-;Gary HarrisORL;SG;48;24.7;8.3;2.9;6.4;45.0;2.0;4.5;43.1;0.6;0.6;90.0;2.0;1.2;0.9;0.3;0.6;0;0
-;Markieff MorrisBKN/DAL;PF;35;10.1;3.8;1.3;3.3;40.9;0.8;2.0;39.4;0.3;0.3;100.0;2.0;0.9;0.3;0.1;0.5;1;0
-;Bryce McGowensCHA;G;46;17.1;5.3;1.7;4.4;39.6;0.6;1.7;32.5;1.3;1.7;75.0;2.0;1.2;0.3;0.1;0.9;0;0
-;Gabe YorkIND;G;3;18.7;8.0;2.7;7.0;38.1;2.0;6.0;33.3;0.7;0.7;100.0;2.0;1.7;0.7;0.0;0.0;0;0
-;Sterling BrownLAL;SF;4;6.0;0.0;0.0;1.0;0.0;0.0;0.5;0.0;0.0;0.0;0.0;2.0;0.5;0.8;0.0;0.0;0;0
-;Frank JacksonUTAH;G;1;5.0;0.0;0.0;3.0;0.0;0.0;1.0;0.0;0.0;0.0;0.0;2.0;1.0;0.0;0.0;0.0;0;0
-;Isaiah ToddWSH;PF;6;10.2;1.5;0.5;3.0;16.7;0.2;1.7;10.0;0.3;0.3;100.0;2.0;0.7;0.2;0.0;0.3;0;0
394;Matisse ThybullePOR/PHI;SG;71;16.9;4.1;1.5;3.6;43.5;0.8;2.1;36.5;0.3;0.4;67.9;2.0;0.7;1.2;0.5;0.3;0;0
-;Lonnie Walker IVLAL;G;56;23.2;11.7;4.2;9.4;44.8;1.6;4.4;36.5;1.6;1.9;85.8;1.9;1.1;0.5;0.3;0.8;0;0
396;Eric GordonLAC/HOU;SG;69;28.5;12.4;4.2;9.5;44.6;1.9;5.2;37.1;2.1;2.5;82.1;1.9;2.7;0.6;0.4;1.5;0;0
-;Caleb HoustanORL;G;51;15.9;3.8;1.3;3.6;36.3;0.9;2.7;33.8;0.3;0.4;83.3;1.9;0.6;0.2;0.1;0.4;0;0
-;Boban MarjanovicHOU;C;31;5.5;3.3;1.3;1.9;68.3;0.0;0.0;0.0;0.6;0.9;74.1;1.9;0.3;0.2;0.1;0.5;0;0
-;Richaun HolmesSAC;F;42;8.3;3.1;1.3;2.1;61.8;0.1;0.2;62.5;0.4;0.5;78.9;1.9;0.2;0.1;0.3;0.3;1;0
-;Taj GibsonWSH;F;49;9.8;3.4;1.3;2.6;52.0;0.2;0.5;33.3;0.6;0.9;71.4;1.9;0.7;0.3;0.2;0.5;0;0
-;Jaden HardyDAL;G;48;14.8;8.8;3.0;6.9;43.8;1.3;3.3;40.4;1.4;1.6;82.3;1.9;1.4;0.4;0.1;1.0;0;0
-;R.J. HamptonORL/DET;PG;47;16.0;6.4;2.2;5.0;43.0;0.9;2.5;35.3;1.2;1.6;75.0;1.9;1.1;0.6;0.2;0.9;0;0
-;George HillIND/MIL;PG;46;18.1;5.0;1.7;3.6;47.0;0.7;2.1;35.8;0.9;1.2;76.4;1.8;2.4;0.6;0.1;0.7;0;0
-;Payton PritchardBOS;PG;48;13.4;5.6;2.1;5.1;41.2;1.2;3.2;36.4;0.3;0.3;75.0;1.8;1.3;0.3;0.0;0.8;1;1
-;Lindy Waters IIIOKC;F;41;13.0;5.2;1.7;4.3;39.3;1.4;4.0;35.8;0.4;0.5;80.0;1.8;0.7;0.3;0.3;0.2;0;0
-;Max ChristieLAL;G;41;12.5;3.1;1.1;2.6;41.5;0.6;1.5;41.9;0.3;0.4;87.5;1.8;0.5;0.2;0.2;0.3;0;0
-;Evan FournierNY;SG;27;17.0;6.1;2.1;6.1;33.7;1.3;4.2;30.7;0.7;0.8;85.7;1.8;1.3;0.6;0.1;0.8;0;0
-;Sam MerrillCLE;SG;5;11.8;5.0;1.8;4.4;40.9;1.0;3.6;27.8;0.4;0.4;100.0;1.8;1.0;0.8;0.0;0.0;0;0
-;Saben LeePHI/PHX;G;25;15.0;6.0;2.0;4.8;40.5;0.4;1.2;36.7;1.7;2.3;73.7;1.8;2.7;0.8;0.0;1.0;1;0
-;Jake LaRaviaMEM;F;35;11.8;3.0;1.1;2.7;38.9;0.7;2.0;33.8;0.2;0.3;77.8;1.8;0.6;0.3;0.1;0.5;0;0
-;Kemba WalkerDAL;PG;9;16.0;8.0;2.7;6.3;42.1;0.8;3.1;25.0;1.9;2.3;81.0;1.8;2.1;0.2;0.2;0.4;0;0
-;McKinley Wright IVDAL;PG;27;12.4;4.2;1.7;3.6;46.9;0.3;1.0;32.1;0.5;0.7;68.4;1.7;2.1;0.3;0.2;0.7;0;0
-;Ty JeromeGS;SG;45;18.1;6.9;2.6;5.4;48.8;0.8;2.0;38.9;0.8;0.9;92.7;1.7;3.0;0.5;0.1;0.7;0;0
-;Daishen NixHOU;SG;57;16.0;4.0;1.4;4.2;34.2;0.7;2.5;28.6;0.4;0.6;66.7;1.7;2.3;0.5;0.1;1.5;0;0
415;Nickeil Alexander-WalkerUTAH/MIN;SG;59;15.0;6.2;2.2;5.0;44.4;1.0;2.7;38.4;0.7;1.0;66.7;1.7;1.8;0.5;0.4;0.9;0;0
416;Cory JosephDET;PG;62;19.8;6.9;2.4;5.7;42.7;1.1;2.9;38.9;0.9;1.2;79.2;1.7;3.5;0.5;0.1;0.9;0;0
-;Kessler EdwardsSAC/BKN;SF;36;10.7;2.8;1.0;2.6;38.7;0.5;1.5;30.9;0.3;0.4;73.3;1.7;0.6;0.4;0.2;0.4;0;0
-;Danuel House Jr.PHI;SF;56;14.4;4.8;1.7;3.5;47.2;0.7;2.0;33.6;0.8;1.1;75.0;1.7;0.8;0.3;0.2;0.5;0;0
419;Anthony GillWSH;PF;59;10.6;3.3;1.2;2.2;53.8;0.1;0.5;13.8;0.8;1.1;73.1;1.7;0.6;0.1;0.2;0.3;0;0
-;Admiral SchofieldORL;SF;37;12.2;4.2;1.5;3.3;45.1;0.6;2.0;32.4;0.6;0.6;91.3;1.7;0.8;0.2;0.1;0.4;0;0
-;Landry ShametPHX;SG;40;20.2;8.7;2.8;7.5;37.7;1.9;5.0;37.7;1.1;1.3;88.2;1.7;2.3;0.7;0.1;0.9;0;0
422;Devonte' GrahamSA/NO;PG;73;18.3;7.4;2.2;5.9;37.4;1.6;4.6;35.2;1.3;1.8;74.8;1.7;2.7;0.6;0.2;0.7;0;0
-;James JohnsonIND;PF;18;9.0;2.8;1.2;2.7;44.9;0.2;0.8;20.0;0.2;0.4;50.0;1.7;0.8;0.4;0.3;0.4;0;0
-;Devon DotsonWSH;G;6;8.8;0.5;0.2;1.7;10.0;0.2;0.7;25.0;0.0;0.0;0.0;1.7;1.3;0.8;0.0;0.5;0;0
423;Moses MoodyGS;SG;63;13.0;4.8;1.7;3.6;47.6;0.8;2.1;36.3;0.6;0.8;69.8;1.7;0.8;0.3;0.1;0.5;0;0
-;Cam ThomasBKN;SG;57;16.6;10.6;3.5;8.0;44.1;0.9;2.3;38.3;2.6;3.1;86.8;1.7;1.4;0.4;0.1;1.1;0;0
-;Isaiah MobleyCLE;F;12;7.0;2.6;1.0;2.3;42.9;0.3;0.7;37.5;0.3;0.3;100.0;1.7;0.3;0.3;0.3;0.1;0;0
-;Josh MinottMIN;F;15;6.4;3.1;1.2;2.4;50.0;0.1;0.4;33.3;0.5;0.5;100.0;1.7;0.3;0.3;0.4;0.2;1;0
-;Svi MykhailiukNY/CHA;SG;32;14.6;6.9;2.4;5.4;44.5;1.3;3.1;42.4;0.8;1.2;66.7;1.7;1.7;0.5;0.1;0.8;0;0
-;Simone FontecchioUTAH;F;52;14.7;6.3;2.2;6.0;36.9;1.2;3.7;33.0;0.7;0.8;79.5;1.7;0.8;0.3;0.2;0.8;0;0
-;Duncan RobinsonMIA;F;42;16.4;6.4;2.1;5.6;37.1;1.5;4.6;32.8;0.7;0.8;90.6;1.6;1.1;0.3;0.0;0.7;0;0
432;Seth CurryBKN;SG;61;19.9;9.2;3.4;7.4;46.3;1.5;3.8;40.5;0.8;0.9;92.7;1.6;1.6;0.6;0.1;0.8;0;0
-;Trent ForrestATL;G;23;12.0;2.3;1.1;2.6;41.7;0.0;0.1;0.0;0.1;0.1;66.7;1.6;1.7;0.3;0.1;0.7;0;0
-;Peyton WatsonDEN;F;23;8.1;3.3;1.3;2.6;49.2;0.3;0.6;42.9;0.5;0.9;55.0;1.6;0.5;0.1;0.5;0.3;0;0
-;Dru SmithMIA/BKN;G;15;10.5;2.9;1.2;3.0;40.0;0.3;1.3;26.3;0.2;0.2;100.0;1.6;1.5;0.7;0.3;0.2;0;0
-;Justin ChampagnieBOS/TOR;SF;5;6.8;2.2;1.0;3.0;33.3;0.2;1.0;20.0;0.0;0.0;0.0;1.6;0.8;0.2;0.0;0.0;0;0
-;Austin RiversMIN;SG;52;19.5;4.9;1.8;4.0;43.5;0.8;2.4;35.0;0.6;0.8;76.9;1.6;1.4;0.5;0.1;0.4;0;0
-;Theo PinsonDAL;G;40;8.1;2.4;0.8;2.2;35.6;0.6;1.6;35.5;0.3;0.3;84.6;1.6;1.2;0.2;0.0;0.3;1;1
-;Udonis HaslemMIA;PF;7;10.3;3.9;1.4;4.1;34.5;0.4;1.3;33.3;0.6;0.7;80.0;1.6;0.0;0.1;0.3;0.1;0;0
-;Jason PrestonLAC;PG;14;8.9;2.9;1.3;2.9;43.9;0.4;1.3;27.8;0.0;0.1;0.0;1.6;1.9;0.1;0.0;0.7;0;0
441;Kendrick NunnLAL/WSH;G;70;13.8;7.1;2.7;6.4;42.4;1.1;3.2;35.4;0.5;0.6;85.4;1.6;1.3;0.4;0.1;0.9;0;0
-;Terry TaylorIND/CHI;F;31;8.5;2.9;1.3;2.4;52.0;0.2;0.6;26.3;0.2;0.4;54.5;1.5;0.3;0.1;0.2;0.3;0;0
-;Jarrell BrantleyUTAH;PF;4;9.8;5.5;2.0;3.5;57.1;1.0;2.3;44.4;0.5;0.5;100.0;1.5;0.8;0.0;0.5;0.5;0;0
-;Darius DaysHOU;F;4;6.3;3.8;1.3;3.0;41.7;0.8;2.5;30.0;0.5;0.5;100.0;1.5;0.3;0.0;0.3;0.0;0;0
-;Edmond SumnerBKN;PG;53;13.9;7.1;2.3;5.1;46.1;0.6;1.6;35.6;1.9;2.0;91.7;1.5;1.3;0.6;0.2;0.9;0;0
-;Derrick RoseNY;PG;27;12.5;5.6;2.3;5.9;38.4;0.7;2.3;30.2;0.4;0.4;91.7;1.5;1.7;0.3;0.2;0.8;0;0
-;Nathan KnightMIN;F;38;7.7;3.7;1.2;2.1;56.8;0.2;0.6;36.4;1.0;1.5;68.4;1.5;0.3;0.3;0.2;0.6;0;0
-;Dalano BantonTOR;PG;31;9.0;4.6;1.8;4.2;42.3;0.5;1.6;29.4;0.5;0.8;70.8;1.5;1.2;0.4;0.4;0.6;0;0
-;TyTy Washington Jr.HOU;G;31;14.0;4.7;1.9;5.2;36.3;0.6;2.6;23.7;0.3;0.6;55.6;1.5;1.5;0.5;0.1;0.5;0;0
-;Frank KaminskyATL/HOU;PF;36;6.5;2.5;0.9;1.8;49.2;0.4;0.9;39.4;0.4;0.4;87.5;1.4;0.9;0.2;0.1;0.3;0;0
-;Jordan McLaughlinMIN;PG;43;15.8;3.7;1.4;3.4;42.1;0.6;1.8;30.8;0.3;0.4;83.3;1.4;3.4;0.7;0.1;0.8;0;0
-;Malachi FlynnTOR;PG;53;13.0;4.6;1.6;4.6;36.0;0.9;2.5;35.3;0.5;0.6;75.8;1.4;1.3;0.4;0.1;0.5;0;0
-;A.J. LawsonMIN/DAL;G;15;7.2;3.7;1.5;2.9;50.0;0.7;1.7;40.0;0.1;0.5;25.0;1.4;0.1;0.1;0.0;0.2;0;0
454;Goran DragicCHI/MIL;PG;58;15.0;6.3;2.4;5.8;42.1;0.9;2.5;35.9;0.5;0.8;68.9;1.4;2.6;0.2;0.1;1.1;0;0
-;Robin LopezCLE;C;37;8.1;3.0;1.3;2.0;64.0;0.1;0.1;50.0;0.4;0.5;77.8;1.4;0.5;0.1;0.2;0.7;0;0
-;Davon ReedLAL/DEN;SG;43;8.0;2.1;0.7;2.0;33.3;0.4;1.1;37.0;0.4;0.6;66.7;1.4;0.5;0.3;0.1;0.5;0;0
-;Mamadi DiakiteCLE;F;22;8.0;2.6;1.1;2.3;48.0;0.3;1.0;33.3;0.1;0.1;100.0;1.4;0.4;0.2;0.4;0.5;0;0
-;Brandon Boston Jr.LAC;SG;22;11.3;6.5;2.3;5.5;41.8;0.5;1.3;41.4;1.3;1.7;76.3;1.4;0.9;0.4;0.0;0.5;0;0
-;Garrison MathewsATL/HOU;SG;54;12.7;4.8;1.4;3.7;36.3;1.2;3.3;35.0;0.9;1.0;90.6;1.4;0.5;0.4;0.1;0.4;0;0
-;Jordan HallSA;G;9;9.2;3.1;1.0;3.1;32.1;0.3;1.7;20.0;0.8;1.0;77.8;1.3;1.2;0.1;0.0;0.8;0;0
-;Kira Lewis Jr.NO;PG;25;9.4;4.6;1.6;3.5;45.5;0.6;1.4;44.1;0.8;0.9;86.4;1.3;0.9;0.4;0.1;0.4;0;0
-;Frank NtilikinaDAL;PG;47;12.9;2.9;1.0;2.8;36.4;0.4;1.4;25.4;0.5;0.7;66.7;1.3;1.2;0.3;0.1;0.6;0;0
463;Davion MitchellSAC;PG;80;18.1;5.6;2.3;5.0;45.4;0.8;2.5;32.0;0.3;0.4;80.6;1.3;2.3;0.6;0.2;0.8;0;0
-;Patrick Baldwin Jr.GS;F;31;7.3;3.9;1.4;3.5;39.5;1.0;2.7;38.1;0.1;0.2;66.7;1.3;0.4;0.2;0.1;0.4;0;0
-;AJ GreenMIL;G;35;9.9;4.4;1.5;3.6;42.4;1.3;3.0;41.9;0.1;0.1;100.0;1.3;0.6;0.2;0.0;0.3;0;0
-;Danny GreenCLE/MEM;F;11;12.6;5.5;2.0;4.5;44.9;1.5;3.4;43.2;0.1;0.1;100.0;1.3;0.5;0.5;0.3;0.9;0;0
-;David Duke Jr.BKN;G;23;9.9;3.7;1.6;3.4;46.2;0.0;0.5;8.3;0.5;0.7;70.6;1.3;0.9;0.4;0.0;0.8;0;0
-;Ish SmithDEN;PG;43;9.3;2.5;1.2;3.0;39.7;0.0;0.3;16.7;0.0;0.1;50.0;1.3;2.3;0.2;0.2;1.0;0;0
-;Khem BirchTOR;C;20;8.1;2.2;1.0;1.6;59.4;0.1;0.1;50.0;0.2;0.3;80.0;1.3;0.4;0.3;0.3;0.4;0;0
-;Michael Carter-WilliamsORL;G;4;11.0;4.3;1.5;3.5;42.9;0.3;0.8;33.3;1.0;1.8;57.1;1.3;1.8;0.3;0.3;1.0;0;0
-;Xavier SneedCHA;F;4;12.0;4.3;1.3;2.5;50.0;0.8;1.5;50.0;1.0;1.0;100.0;1.3;1.3;0.0;0.3;0.8;0;0
-;Jamaree BouyeaMIA/WSH;G;5;14.2;3.0;1.2;2.8;42.9;0.4;1.2;33.3;0.2;0.4;50.0;1.2;0.8;0.8;0.4;0.8;0;0
-;Justin HolidayATL/DAL/HOU;SF;46;15.3;4.5;1.7;4.4;37.7;1.0;3.1;32.2;0.1;0.2;62.5;1.2;0.9;0.4;0.4;0.5;0;0
-;Thanasis AntetokounmpoMIL;SF;37;5.6;1.4;0.5;1.2;43.5;0.0;0.2;0.0;0.3;0.6;50.0;1.2;0.4;0.1;0.1;0.3;0;0
-;Greg Brown IIIPOR;PF;16;5.8;1.8;0.7;1.8;39.3;0.1;0.4;14.3;0.3;0.8;41.7;1.2;0.2;0.3;0.3;0.4;0;0
-;Davis BertansDAL;SF;45;10.9;4.6;1.5;3.6;43.1;1.2;3.1;39.0;0.3;0.3;86.7;1.2;0.5;0.2;0.2;0.2;0;0
477;Aaron HolidayATL;G;63;13.4;3.9;1.5;3.5;41.8;0.6;1.4;40.9;0.4;0.5;84.4;1.2;1.4;0.6;0.2;0.6;0;0
-;Duane Washington Jr.PHX;PG;31;12.7;7.9;3.0;8.3;36.7;1.3;3.6;36.0;0.5;0.8;66.7;1.2;2.0;0.2;0.1;1.1;0;0
-;Furkan KorkmazPHI;SG;37;9.5;3.8;1.3;3.0;43.2;0.5;1.2;39.1;0.7;1.0;72.2;1.1;0.6;0.3;0.1;0.6;0;0
480;Josh ChristopherHOU;SG;64;12.3;5.8;2.4;5.1;46.5;0.3;1.4;23.6;0.7;0.9;75.0;1.1;1.1;0.5;0.2;0.9;0;0
-;Patty MillsBKN;PG;40;14.2;6.2;2.2;5.2;41.1;1.2;3.4;36.6;0.6;0.8;83.3;1.1;1.4;0.4;0.1;0.8;0;0
-;Keon JohnsonPOR;SG;40;10.4;4.7;1.7;4.5;37.6;0.7;2.0;34.6;0.7;1.0;65.9;1.1;1.5;0.5;0.2;1.1;0;0
-;Amir CoffeyLAC;SG;50;12.5;3.4;1.1;2.9;38.6;0.2;0.8;27.5;1.0;1.3;77.8;1.1;1.1;0.1;0.1;0.4;0;0
-;Kennedy ChandlerMEM;G;36;7.8;2.2;1.0;2.3;42.2;0.1;0.4;13.3;0.2;0.4;46.2;1.1;1.6;0.3;0.1;0.5;0;0
-;Chima MonekeSAC;F;2;4.0;1.0;0.5;1.0;50.0;0.0;0.0;0.0;0.0;1.0;0.0;1.0;0.5;0.0;0.0;1.0;0;0
-;Jack WhiteDEN;F;17;3.9;1.2;0.5;1.1;42.1;0.2;0.5;33.3;0.1;0.2;66.7;1.0;0.2;0.2;0.1;0.1;0;0
-;Lindell WiggintonMIL;G;7;12.4;7.1;2.6;5.3;48.6;0.9;2.6;33.3;1.1;1.3;88.9;1.0;2.0;0.0;0.3;1.7;1;0
-;Cole SwiderLAL;F;7;5.9;1.3;0.4;1.3;33.3;0.4;1.1;37.5;0.0;0.0;0.0;1.0;0.6;0.0;0.0;0.0;0;0
-;Vince Williams Jr.MEM;G;15;7.0;2.0;0.8;2.7;30.0;0.3;1.9;14.3;0.1;0.1;100.0;1.0;0.3;0.4;0.1;0.3;0;0
-;Vernon Carey Jr.WSH;C;11;2.5;0.5;0.2;0.7;25.0;0.0;0.0;0.0;0.2;0.2;100.0;1.0;0.3;0.2;0.2;0.2;0;0
-;Kendall BrownIND;SG;6;6.7;1.5;0.7;1.2;57.1;0.0;0.2;0.0;0.2;0.3;50.0;1.0;0.5;0.7;0.0;0.3;0;0
-;Ryan RollinsGS;G;12;5.2;1.9;0.6;1.7;35.0;0.3;0.8;33.3;0.5;0.5;100.0;1.0;0.5;0.1;0.1;1.3;0;0
-;Alondes WilliamsBKN;G;1;5.0;0.0;0.0;0.0;0.0;0.0;0.0;0.0;0.0;0.0;0.0;1.0;0.0;0.0;0.0;2.0;0;0
-;Donovan WilliamsATL;G;2;2.0;2.0;1.0;2.5;40.0;0.0;1.0;0.0;0.0;0.0;0.0;1.0;0.0;0.0;0.0;0.0;0;0
-;Dalen TerryCHI;F;38;5.6;2.2;0.8;1.9;44.4;0.2;0.7;25.9;0.4;0.6;66.7;1.0;0.6;0.3;0.1;0.2;0;0
-;KZ OkpalaSAC;SF;35;7.1;1.3;0.5;1.1;42.1;0.2;0.6;33.3;0.2;0.2;87.5;1.0;0.4;0.2;0.2;0.2;0;0
-;Raul NetoCLE;PG;48;10.5;3.3;1.2;2.3;51.8;0.3;0.9;28.6;0.6;0.7;91.2;1.0;1.6;0.4;0.1;0.5;0;0
-;Jeff Dowtin Jr.TOR;PG;25;10.4;2.4;1.0;2.3;43.9;0.2;0.6;31.3;0.2;0.4;66.7;0.9;1.2;0.4;0.1;0.2;0;0
-;Tony BradleyCHI;C;12;2.8;1.6;0.5;1.0;50.0;0.3;0.4;60.0;0.3;0.3;100.0;0.9;0.1;0.1;0.1;0.1;0;0
-;Vit KrejciATL;G;29;5.7;1.2;0.5;1.3;40.5;0.2;0.7;23.8;0.0;0.1;50.0;0.9;0.6;0.2;0.0;0.2;0;0
-;John Butler Jr.POR;F;19;11.6;2.4;0.9;2.8;32.1;0.4;1.8;22.9;0.2;0.2;75.0;0.9;0.6;0.4;0.5;0.1;0;0
-;Quenton JacksonWSH;G;9;15.0;6.2;2.1;4.7;45.2;0.1;1.3;8.3;1.9;2.4;77.3;0.9;1.7;0.4;0.1;0.4;0;0
-;PJ DozierSAC;G;16;4.9;1.4;0.6;2.1;30.3;0.1;1.0;12.5;0.0;0.0;0.0;0.9;0.6;0.4;0.1;0.3;0;0
-;Jaden SpringerPHI;G;16;5.6;2.6;1.1;2.2;48.6;0.1;0.3;40.0;0.4;0.5;75.0;0.9;0.5;0.4;0.2;0.2;0;0
-;Kobi SimmonsCHA;G;5;5.6;1.0;0.2;1.2;16.7;0.2;1.0;20.0;0.4;0.4;100.0;0.8;1.0;0.0;0.4;0.2;0;0
506;Miles McBrideNY;PG;64;11.9;3.5;1.2;3.4;35.8;0.6;2.1;29.9;0.4;0.7;66.7;0.8;1.1;0.6;0.1;0.4;0;0
-;Ron Harper Jr.TOR;F;9;5.3;2.2;0.9;1.8;50.0;0.3;1.0;33.3;0.1;0.1;100.0;0.8;0.4;0.0;0.1;0.0;0;0
-;Matt RyanLAL/MIN;F;34;9.1;3.6;1.2;3.2;37.0;0.9;2.5;38.1;0.3;0.4;83.3;0.8;0.5;0.1;0.0;0.2;0;0
-;Ryan ArcidiaconoPOR/NY;G;20;8.6;1.3;0.5;1.9;24.3;0.4;1.2;34.8;0.0;0.0;0.0;0.8;1.2;0.3;0.0;0.4;0;0
-;Xavier MoonLAC;PG;4;5.0;1.8;0.8;2.3;33.3;0.3;0.8;33.3;0.0;0.0;0.0;0.8;1.3;0.0;0.0;0.3;0;0
-;Tyrese MartinATL;G;16;4.1;1.3;0.6;1.4;39.1;0.1;0.4;14.3;0.1;0.1;100.0;0.8;0.1;0.1;0.0;0.1;0;0
-;Lester QuinonesGS;G;4;4.5;2.5;0.5;1.3;40.0;0.5;1.0;50.0;1.0;1.5;66.7;0.8;0.5;0.3;0.0;1.3;0;0
-;JD DavisonBOS;SG;12;5.5;1.6;0.7;1.6;42.1;0.2;0.6;28.6;0.1;0.2;50.0;0.8;0.9;0.2;0.2;0.3;0;0
-;Justin JacksonBOS;SF;23;4.7;0.9;0.3;1.2;25.9;0.2;0.9;25.0;0.0;0.1;50.0;0.7;0.4;0.2;0.2;0.1;0;0
-;Carlik JonesCHI;G;7;8.0;2.9;0.9;2.1;40.0;0.4;0.9;50.0;0.7;1.1;62.5;0.7;0.9;0.3;0.0;0.3;0;0
-;Garrett TempleNO;SF;25;6.5;2.0;0.7;1.8;40.0;0.4;1.0;42.3;0.1;0.2;75.0;0.7;0.5;0.4;0.1;0.2;0;0
-;Tyler DorseyDAL;G;3;2.7;3.0;1.3;1.7;80.0;0.3;0.7;50.0;0.0;0.0;0.0;0.7;0.0;0.0;0.0;0.0;0;0
-;Jared ButlerOKC;SG;6;12.8;6.2;2.5;5.3;46.9;1.2;2.3;50.0;0.0;0.0;0.0;0.7;1.3;0.8;0.0;0.8;0;0
-;Scotty Pippen Jr.LAL;G;6;5.3;2.3;0.7;2.0;33.3;0.2;0.5;33.3;0.8;1.5;55.6;0.7;0.3;0.3;0.2;0.3;0;0
-;Trevor KeelsNY;G;3;2.7;1.0;0.3;1.3;25.0;0.3;1.3;25.0;0.0;0.0;0.0;0.7;0.0;0.0;0.0;0.0;0;0
-;Wendell Moore Jr.MIN;G;29;5.3;1.4;0.6;1.5;41.9;0.1;0.6;11.8;0.1;0.2;80.0;0.6;0.6;0.3;0.2;0.3;0;0
-;Bryn ForbesMIN;SG;25;10.7;3.6;1.2;3.3;36.1;0.6;1.8;30.4;0.6;0.6;100.0;0.6;0.7;0.3;0.1;0.5;0;0
-;Malcolm HillCHI;F;5;1.8;1.0;0.4;0.8;50.0;0.2;0.6;33.3;0.0;0.0;0.0;0.6;0.0;0.0;0.0;0.0;0;0
-;Buddy BoeheimDET;F;10;9.0;1.6;0.5;2.7;18.5;0.4;2.5;16.0;0.2;0.2;100.0;0.6;0.4;0.2;0.0;0.0;0;0
-;Leandro BolmaroUTAH;F;14;4.9;0.4;0.2;1.4;15.0;0.0;0.3;0.0;0.0;0.0;0.0;0.5;0.5;0.2;0.1;0.5;0;0
-;Keon EllisSAC;G;16;4.4;1.5;0.4;1.0;43.8;0.4;0.8;50.0;0.3;0.4;57.1;0.5;0.4;0.3;0.1;0.1;0;0
-;Joe WieskampTOR;SF;9;5.6;1.0;0.3;1.6;21.4;0.3;1.3;25.0;0.0;0.0;0.0;0.4;0.3;0.0;0.0;0.1;0;0
-;Matthew DellavedovaSAC;PG;32;6.7;1.5;0.5;1.6;34.0;0.3;0.8;33.3;0.1;0.2;57.1;0.4;1.3;0.2;0.0;0.3;0;0
-;Braxton KeyDET;G;3;3.0;1.3;0.3;0.3;100.0;0.0;0.0;0.0;0.7;0.7;100.0;0.3;0.0;0.0;0.0;0.0;0;0
-;Marko SimonovicCHI;C;7;2.9;0.9;0.3;1.0;28.6;0.1;0.6;25.0;0.1;0.3;50.0;0.3;0.0;0.0;0.0;0.0;0;0
-;Facundo CampazzoDAL;G;8;6.5;1.3;0.4;1.6;23.1;0.4;1.4;27.3;0.1;0.3;50.0;0.3;1.1;0.8;0.0;0.4;0;0
-;Dereon SeabronNO;G;5;2.4;0.8;0.4;1.0;40.0;0.0;0.0;0.0;0.0;0.0;0.0;0.2;0.0;0.0;0.0;0.0;0;0
